index,fold,y_true,y_pred
0,2,1.0,0.8928546267660253
1,4,0.0,0.09446567329674466
2,1,0.0,0.17652887361582048
3,2,1.0,0.882951620892529
4,3,0.0,0.42009574622819373
5,2,1.0,0.9618000020416251
6,1,1.0,0.9885394266330514
7,2,1.0,1.0189631191844455
8,4,0.0,0.9139175548391973
9,3,1.0,0.6575315619763362
10,2,0.0,0.4069999364519864
11,3,1.0,0.2433850939729196
12,2,0.0,0.043660289859113355
13,4,1.0,0.3393294949025319
14,4,1.0,0.9897951103078091
15,1,0.0,0.21931579433659404
16,3,0.0,0.18408038752066058
17,3,1.0,0.6121398271318255
18,1,0.0,0.16278265422154625
19,3,1.0,0.369783793811503
20,4,1.0,0.9527893960740935
21,4,0.0,0.0599294376778393
22,3,0.0,0.7026954057925274
23,0,0.0,0.038151506983249775
24,2,1.0,0.8115138889917355
25,2,0.0,0.21217404857980182
26,4,0.0,0.29950386477950436
27,2,0.0,0.17021092997910844
28,3,1.0,0.9438521263202391
29,0,1.0,0.6695701763758442
30,0,0.0,0.4325157309954546
31,1,0.0,0.12060986708730051
32,0,0.0,0.2298492308774363
33,2,1.0,0.9357819541609034
34,4,0.0,0.1588592121448973
35,3,0.0,0.27515823429577146
36,3,0.0,-0.020317616701355345
37,4,1.0,0.860897353333168
38,3,1.0,0.23464326510118252
39,2,0.0,0.17693165972621705
40,4,0.0,0.05818462524550526
41,2,0.0,0.33634275630679067
42,2,0.0,0.9385327930419893
43,1,1.0,1.0208928018849532
44,0,0.0,0.9455738015949327
45,0,1.0,0.7129052167528198
46,3,0.0,0.1056421624830945
47,2,1.0,0.8124086495163667
48,1,0.0,0.1559959511567546
49,0,1.0,0.9891598602876197
50,3,1.0,0.134316071602468
51,1,1.0,0.3335836981243342
52,2,0.0,0.168214555137231
53,4,0.0,0.045616192571061594
54,1,0.0,0.06683778958713343
55,2,0.0,0.015986715700287632
56,0,1.0,0.8192745918344728
57,3,1.0,1.0292311763312652
58,1,1.0,0.9326520401570961
59,0,0.0,0.11055710957703584
60,2,0.0,0.7767130345641184
61,3,1.0,1.0403275812841728
62,3,0.0,0.297808367002252
63,0,1.0,0.9464579658614314
64,4,1.0,0.8805984731962824
65,0,0.0,0.21944606181236437
66,2,0.0,0.15176456880420316
67,0,1.0,1.0312975081267213
68,2,1.0,0.9886129758366189
69,0,1.0,0.3906191538640875
70,0,1.0,0.7583501645079143
71,1,1.0,0.703417334759344
72,1,1.0,0.8640323526935358
73,0,0.0,0.2616489976208162
74,2,0.0,0.6234046191995579
75,3,0.0,0.09642669150754378
76,0,1.0,0.41150803889147364
77,2,0.0,0.9237527967965364
78,0,1.0,0.8399661353449226
79,3,1.0,1.0184982625798842
80,2,0.0,0.10073880459343337
81,1,0.0,0.7052934409763647
82,2,0.0,0.030197818030363255
83,1,0.0,0.02173937173337509
84,1,1.0,0.9051083897185705
85,2,1.0,0.12903471434532943
86,1,1.0,0.783882137109194
87,4,1.0,0.8530274056427855
88,2,0.0,0.7186787248491411
89,3,1.0,0.716667268749922
90,3,0.0,0.7085449566203226
91,4,0.0,0.2851021762484084
92,2,0.0,0.10834678852623326
93,3,1.0,1.0137989374518122
94,2,1.0,0.8431298908904636
95,4,0.0,0.024718799281370482
96,2,0.0,0.7649436994321599
97,2,1.0,0.7850276286053233
98,4,0.0,0.29416419456640397
99,0,1.0,0.7777945880952999
100,0,0.0,0.4122546918481926
101,1,1.0,0.306142700807705
102,2,0.0,0.8451243559910251
103,4,0.0,0.105298950256826
104,2,0.0,0.026174165340515296
105,2,0.0,0.5746998323035913
106,2,1.0,0.9412632066837419
107,1,1.0,0.80621162726297
108,3,1.0,0.8990816960134462
109,0,0.0,0.2775776080063039
110,2,0.0,0.04476324862893526
111,0,1.0,0.41438736662846704
112,4,1.0,0.9088728253907555
113,1,1.0,0.9056319108737589
114,3,0.0,0.4452957896726593
115,0,0.0,0.4384433264931568
116,3,1.0,0.9308982349965993
117,2,1.0,0.9720819273563748
118,1,0.0,-0.014322089957392037
119,3,0.0,0.6759692519306741
120,0,1.0,0.4242099685419314
121,4,1.0,0.9741255747955896
122,4,1.0,0.6963113360546791
123,0,0.0,0.028864781755774407
124,0,0.0,0.3046213416481545
125,2,1.0,0.9464848548485452
126,2,0.0,0.4752793878637248
127,3,0.0,0.14552995742014235
128,0,0.0,0.32204985348050297
129,2,1.0,0.776382877050189
130,4,1.0,1.0028071533511729
131,2,1.0,1.020940762315785
132,2,1.0,0.37599440109260884
133,3,0.0,0.03275147810645519
134,4,1.0,0.8618725553565232
135,0,0.0,0.1323886722783446
136,2,0.0,0.3017577329795581
137,2,1.0,0.4377057178145028
138,2,1.0,0.5589067681460187
139,2,1.0,1.0047307375698182
140,2,1.0,0.3486553557729116
141,1,0.0,0.1841409594513442
142,2,0.0,0.26055075450920884
143,4,1.0,0.7585216048558511
144,2,0.0,0.29681949244882266
145,3,0.0,0.17951320452629727
146,4,0.0,0.2162915675150179
147,1,0.0,0.42122441660883386
148,1,1.0,0.420364806037386
149,3,0.0,0.03473782760065579
150,4,0.0,0.41567928587322506
151,4,0.0,0.49406264478334816
152,4,1.0,0.23948580377413609
153,3,0.0,0.04612855304316791
154,3,0.0,0.2532419858633114
155,1,0.0,0.015516760456557727
156,2,1.0,0.9291172618888031
157,3,0.0,0.0374923448672394
158,2,1.0,0.8577294930761921
159,3,1.0,1.0488128926964138
160,4,1.0,0.8955181922695279
161,4,1.0,0.9322574336108428
162,0,1.0,1.005660734720733
163,0,0.0,0.6797443049507119
164,2,1.0,0.8911336495098792
165,2,0.0,0.3624617260832817
166,4,1.0,0.8926826053472696
167,2,0.0,0.018286558646280537
169,0,0.0,0.16395436781127312
170,3,0.0,0.2289091369814597
171,1,1.0,0.979746582547681
172,2,1.0,0.7139255524172738
173,3,0.0,0.04865514211923372
174,0,1.0,0.40909264496310777
175,1,0.0,0.07261931769304501
176,0,0.0,0.20339961697087092
177,3,0.0,0.12332359567130818
178,1,1.0,0.6943124333725506
179,2,0.0,0.24426497268953085
180,1,1.0,0.5846640199099733
181,3,1.0,0.7047920125443476
182,1,1.0,0.6658462364537205
183,1,0.0,0.9347939059143728
184,2,1.0,0.1986783086731079
185,1,1.0,0.6724658209379797
186,0,1.0,0.08460860746674609
187,4,1.0,0.5796524440569228
188,4,1.0,0.5022539519296768
189,0,1.0,0.8042672393327739
190,4,0.0,0.6894912747085447
191,3,1.0,0.8624211332237899
192,3,1.0,0.4535341750792791
193,1,1.0,1.0314435173393397
194,2,1.0,0.7279151417710059
195,0,0.0,0.23520956671378407
196,2,0.0,0.16112828933867523
197,0,1.0,0.6407206107070922
198,4,1.0,0.9542627820217896
199,1,1.0,0.497916012428305
200,1,1.0,0.5223065742754093
201,4,1.0,0.2880586313086918
202,4,1.0,0.4397060304532025
203,4,1.0,0.893016278282373
204,0,0.0,0.2286589524110304
205,2,1.0,0.23961345761662908
206,4,0.0,0.1569175746026385
207,4,0.0,0.7260000062108918
208,4,0.0,0.20867144329962645
209,1,1.0,1.0038913159151859
210,2,1.0,0.9340054074120265
211,0,1.0,0.8343375116763279
212,0,1.0,0.24836697499837318
213,0,0.0,0.5700049956699769
214,2,1.0,0.8305768308142021
215,1,0.0,0.1435135626743257
216,2,1.0,0.9208357362985693
217,4,1.0,0.8588459907370167
218,3,1.0,0.4611191312466525
219,0,1.0,0.9590500607126353
220,4,1.0,1.0144919549700722
221,0,0.0,0.26705667981163006
222,1,0.0,0.011914453714504336
223,2,0.0,0.02066335283009968
224,3,0.0,0.10328762916230837
225,2,0.0,0.0746357764778291
226,4,1.0,0.9343484324638067
227,1,1.0,0.9731141806853734
228,2,0.0,0.5845588936086608
229,2,0.0,0.27169037208710245
230,4,1.0,0.45257436792575717
231,4,1.0,0.8302680736334135
232,0,1.0,1.0309989141530016
233,2,0.0,0.015289773571722495
234,0,0.0,0.2552941251556703
235,3,0.0,0.5370625680602666
236,2,1.0,0.9970360269175129
237,1,0.0,0.4031720487694841
238,0,1.0,0.7616706242115794
239,2,1.0,0.9186062095163638
240,0,1.0,0.9337480154546454
241,1,0.0,0.2694236038247367
242,4,0.0,0.14085292205405237
243,2,1.0,0.9643824628000432
244,1,0.0,0.003992286694930652
245,1,1.0,1.0492045163373405
246,3,1.0,0.13360591244759798
247,4,1.0,0.05408950430438116
248,0,0.0,0.37759124488362517
249,2,1.0,0.8870478639570607
250,2,1.0,0.8710743044921574
251,1,1.0,0.48755583715273143
252,0,1.0,0.24592834708469036
253,4,1.0,0.5724720581867371
254,4,0.0,0.7175729347788641
255,0,0.0,0.16692807172498308
256,3,0.0,0.33356222025342147
257,0,1.0,0.9382902120458576
258,3,1.0,0.3290421327818176
259,2,1.0,0.8648302586565384
260,1,0.0,0.0492296397399746
261,2,1.0,0.5482009830730352
262,0,0.0,0.018566790604834987
263,4,1.0,0.8994106318801457
264,3,1.0,0.9400943512349345
265,3,1.0,0.8595455958486327
266,1,0.0,0.10707159308799628
267,0,1.0,0.8399616802542174
268,2,0.0,0.9627694987096449
269,3,1.0,0.9431510440587176
270,4,1.0,0.5191929891001583
271,0,1.0,0.6929953387178411
272,1,1.0,0.6615438997716068
273,1,0.0,0.32829736906671736
274,1,0.0,-0.0019235386164973278
275,1,0.0,0.11448627255692331
276,0,0.0,0.2800497202122205
277,4,1.0,0.8748633179589292
278,1,1.0,1.0745640105333956
279,3,1.0,0.2108358072516884
280,4,1.0,0.4321232117813824
281,2,0.0,0.08112104894501382
282,0,1.0,1.039188837532964
283,2,1.0,0.857983038555661
284,4,0.0,0.2577836723790736
285,3,0.0,0.4994486890450372
286,1,1.0,1.0189264745939302
287,1,1.0,0.9692883787218045
288,1,0.0,0.22850099379698013
289,4,0.0,0.3035315099129422
290,0,1.0,0.8105835107832797
291,2,0.0,0.08536970652086645
292,2,0.0,0.7455773756185666
293,1,0.0,0.026221569372214787
294,4,1.0,0.7047820977005222
295,2,0.0,0.4178230349539983
296,4,0.0,0.0950072826363762
297,1,1.0,0.9685922540261855
298,0,1.0,0.9748801521799446
299,0,1.0,1.0153191496696548
300,2,0.0,0.4171586030587626
301,0,0.0,0.16489104634784152
302,3,0.0,0.32911310338627164
303,2,1.0,0.86757910687807
304,0,0.0,0.13454535355160435
305,3,0.0,0.6778860156205682
306,0,0.0,0.029991395041038163
307,0,0.0,0.0759479034953471
308,0,1.0,0.8729131870422471
309,1,0.0,0.13555537111324167
310,1,0.0,0.22609699139583028
311,1,0.0,0.10456102434060263
312,1,0.0,0.10203027701090403
313,1,1.0,0.8572419811386434
314,3,1.0,0.9398686158097553
315,2,1.0,1.008859147056785
316,4,1.0,0.4783438142241017
317,0,1.0,0.7679641688882417
318,4,1.0,0.9002968207744996
319,2,1.0,0.9769319845012725
320,2,0.0,0.9060698005043204
321,3,1.0,0.9423293114982922
322,2,1.0,0.8092439197597512
323,0,1.0,0.712010004442442
324,2,0.0,0.3425991949688032
325,0,1.0,0.8972771132061388
326,2,1.0,0.7048362580305783
327,1,0.0,0.9497328153029807
328,1,0.0,0.4560601934550591
329,2,1.0,0.949674963807386
330,1,0.0,0.07378585066403229
331,4,1.0,0.9431688773040215
332,0,0.0,0.24782192282237542
333,1,0.0,0.042958854111346395
334,2,1.0,0.7732096651689069
335,1,0.0,0.09723731998336774
336,3,0.0,0.9341681657897463
337,2,0.0,0.2166729049842369
338,4,0.0,0.08682557769090024
339,3,1.0,0.3222081537673034
340,1,1.0,0.7752322845834654
341,3,0.0,0.5952638550408662
342,1,0.0,0.08398380425580859
343,0,1.0,0.35590022377072195
344,4,1.0,0.2415453852780967
345,0,1.0,0.3831069109023137
346,4,1.0,0.9575537769691577
347,1,0.0,0.027307345082577372
348,3,0.0,0.06235183165110426
349,2,1.0,0.7031552493611748
350,2,1.0,0.9801970378389013
351,0,1.0,0.7702974535005778
352,0,1.0,1.005538402349741
353,0,1.0,0.8640177539450922
354,0,0.0,0.897466916054328
355,0,1.0,0.8073292886079009
356,2,1.0,0.32118536474222936
357,3,1.0,0.24707600019222928
358,3,1.0,0.9996723210295233
359,1,0.0,0.9990329596458456
360,2,1.0,1.0278145680250688
361,1,1.0,0.6577173099061051
362,0,0.0,0.4958903232525073
363,2,0.0,0.12578723831640004
364,1,1.0,0.7460483666904854
365,2,0.0,0.5837032209684363
366,1,0.0,-0.009321717775968186
367,0,0.0,0.48059366336105064
368,0,0.0,0.37757754602040894
369,0,0.0,0.07113620908396541
370,3,0.0,0.3837586221405946
371,1,1.0,0.7256962388600448
372,1,1.0,0.42312611554914153
373,3,1.0,0.5724882979747954
374,3,0.0,0.2729796513551555
375,0,1.0,0.9977003263745139
376,2,0.0,0.6887332670120216
378,1,0.0,0.11233123916392992
379,1,0.0,0.2136013773378067
380,4,0.0,0.006595603900289793
381,4,1.0,0.42722970707667063
382,1,1.0,0.2993620692144353
383,1,0.0,0.304977506202724
384,0,0.0,0.5395987573936444
385,0,1.0,0.8881758115135701
386,4,0.0,0.03779755195557208
387,4,1.0,0.8955211740928803
388,3,1.0,0.8215842497597692
389,4,1.0,0.437464013857991
390,2,0.0,0.16509979383259685
391,3,1.0,0.24207178660955186
392,2,1.0,0.7837113318690971
393,4,0.0,0.4408923436917646
394,4,0.0,0.10113117157327592
395,0,0.0,0.1142162909177243
396,0,1.0,0.9875345554365844
397,3,1.0,0.7768286232550823
398,3,1.0,0.4706554970918672
399,4,1.0,0.9252099071446379
400,1,1.0,0.9527737710618582
401,3,1.0,0.6289813968874878
402,4,0.0,0.06758631333640036
403,4,1.0,0.9726614491731209
404,4,0.0,0.10988689857680722
405,4,0.0,0.06661331135791035
406,2,1.0,1.0750534815138322
407,1,0.0,0.6127356552864412
408,4,1.0,0.8384245464338073
409,3,1.0,0.7831678040641312
410,1,1.0,0.9440671623514614
411,2,1.0,1.0853804281346946
412,2,0.0,0.11586591814034018
413,0,0.0,0.48264465359820435
414,3,0.0,0.02797208718541791
415,1,0.0,0.4765032931391563
416,0,1.0,0.8329280309048879
417,1,0.0,0.13613780313370832
418,0,1.0,0.9449509503268203
419,3,1.0,0.588957429593864
420,4,1.0,0.9675329510148832
421,2,1.0,0.15942692825613716
422,1,1.0,0.8044510862169167
423,2,1.0,0.9485356952156454
424,0,0.0,0.11633148933557667
425,1,1.0,0.7783822775898868
426,2,1.0,0.4661958849191801
427,1,0.0,0.4666878941027806
428,1,1.0,0.8781193376449858
429,0,0.0,0.03158824244790835
430,1,0.0,0.34481511292444583
431,0,0.0,0.16084328171255624
432,1,0.0,1.0058106371678983
433,3,1.0,0.9290248112534993
434,0,0.0,0.6792848958956041
435,0,0.0,0.144651943177812
436,2,1.0,0.23201110994765617
437,1,0.0,-0.021883298132195028
438,1,0.0,0.6518670183809059
439,4,0.0,0.23698241536410367
440,0,1.0,0.39653945777508726
441,1,0.0,0.16916639246311482
442,2,1.0,0.7957950577972666
443,4,0.0,0.44202581863357027
444,1,1.0,0.8324059531349932
445,3,1.0,0.8396396911225565
446,3,0.0,0.4650588609101847
447,1,1.0,0.7563864781877194
448,2,0.0,0.13203827774456772
449,2,1.0,0.8668241239939316
450,2,0.0,0.3438014228422537
451,3,1.0,0.6534517043590746
452,0,0.0,0.6116828659394347
453,1,1.0,0.8982676302883472
454,4,1.0,0.9317666000655056
455,0,1.0,0.7005332191669407
456,3,1.0,0.7052827126568235
457,4,0.0,0.3043805992427109
458,3,1.0,0.7679174304311913
459,1,1.0,0.4293379752921519
460,2,1.0,0.21928673513381633
461,4,0.0,0.13511888764911362
462,3,1.0,0.4580155950728471
463,1,1.0,0.4556953703878562
464,0,1.0,0.3262565830448339
465,4,0.0,0.48738236899548343
466,0,0.0,0.050012217038245
467,1,0.0,0.4193166963649185
468,4,1.0,0.8351175619156641
469,2,1.0,0.10621717884527979
470,1,1.0,0.37501328232208947
471,4,1.0,0.13470197152444277
472,3,1.0,0.907727088976042
473,0,0.0,0.04897398254139855
474,4,1.0,0.41289497261002545
475,3,0.0,0.21300779808723452
476,4,0.0,-0.059128656507170835
477,3,1.0,0.8626709487054169
478,3,1.0,0.9959046057377272
479,2,0.0,0.07042369266677562
480,0,1.0,1.0553770389955954
481,0,0.0,0.4791054301990752
482,0,0.0,-0.10634729780652988
483,1,1.0,0.48580971907081294
484,0,1.0,0.8364674465737703
485,1,1.0,0.4389862448149013
486,4,0.0,0.2919528596788037
487,0,1.0,0.7917093997471352
488,1,1.0,0.9697722386479151
489,3,1.0,0.9117813936842458
490,4,1.0,0.7655222160425299
491,3,0.0,0.46137224411159805
492,1,1.0,0.19731750627711184
493,3,0.0,0.2504753354837965
494,4,1.0,1.0037118305074377
495,1,1.0,0.5217840849537041
496,0,1.0,0.5441144605826078
497,0,0.0,0.27333096343593266
498,3,0.0,0.24686059575104194
499,1,1.0,0.7296033924937066
500,3,1.0,0.9585445962319756
501,3,0.0,0.19039538382970753
502,1,1.0,0.9705077285395454
503,3,1.0,1.0232807699946704
504,4,1.0,0.910559211335661
505,2,1.0,0.8891368739385752
506,3,1.0,0.5590428138949035
507,1,1.0,1.0478097538248485
508,1,1.0,0.4988136746903368
509,0,0.0,0.5352529117216422
510,4,1.0,0.9423974154402472
511,4,1.0,0.9260947871266266
512,4,1.0,0.39176164005762126
513,3,0.0,0.4766161097546793
514,3,0.0,0.6899208742771485
515,1,0.0,0.0025186174123606186
516,0,1.0,0.9514206487440533
517,3,1.0,0.9080137664095236
518,2,1.0,1.0328954476553542
519,3,1.0,0.9400566254773965
520,1,0.0,0.15592916143858015
521,0,1.0,1.002081181300932
522,4,0.0,0.12778017413860374
523,3,0.0,0.3447544957902069
524,1,1.0,0.3904545826811747
525,2,0.0,0.07937215476901022
526,4,0.0,0.8414009600501207
527,2,1.0,0.4939904861683883
528,0,0.0,0.6787659968295789
529,0,1.0,0.9353469915457477
530,1,0.0,0.1843408477081539
531,0,1.0,1.0244635859221343
532,0,0.0,0.07698983453846163
533,2,0.0,0.15775168642041174
534,1,1.0,0.4965006080922628
535,2,1.0,0.9114033658060778
536,0,1.0,0.7490631371369683
537,0,1.0,0.8108737866798803
538,2,0.0,0.6702154759796648
539,3,1.0,0.3711852480477322
540,0,1.0,0.7401512020026624
541,3,0.0,0.1617836228975342
542,4,0.0,0.4941898389126978
543,2,0.0,0.03596925748136684
544,2,1.0,0.8678724678916205
545,0,1.0,0.5866424702644171
546,0,1.0,0.7216287346296362
547,2,0.0,0.14141385742538198
548,3,0.0,0.47533066480219777
549,2,1.0,1.0264148914575995
550,1,1.0,0.05567288779323995
551,2,1.0,0.9557989661263286
552,4,0.0,0.08960324369910243
553,1,0.0,0.7180091723661568
554,0,1.0,0.470435548748156
555,2,0.0,0.020971690126956544
556,0,1.0,0.9536948793375444
557,0,1.0,0.8782942046162312
558,4,1.0,0.9214283933570911
559,1,0.0,0.01193021952014195
560,2,0.0,0.07509822259628099
561,3,1.0,0.7543477540955881
562,1,0.0,0.023956113000228194
563,1,0.0,0.9284902192057554
564,4,0.0,0.07029676680567554
565,4,0.0,0.20774208240222158
566,4,1.0,0.7540862561239592
567,4,0.0,0.019743518779735195
568,1,0.0,0.308144987542015
569,1,0.0,0.8975560877501028
570,3,1.0,1.0331461763281111
571,3,0.0,0.12056887362609676
572,0,0.0,0.06416697706448032
573,2,0.0,0.45341893235178776
574,0,1.0,0.8186384759483352
575,2,0.0,0.20481184426596127
576,3,1.0,0.9012134193180981
577,1,0.0,1.0252799049703567
578,1,0.0,0.01708045832760613
579,4,1.0,0.855927261088293
580,2,1.0,0.34257515429615243
581,0,1.0,0.9534152787753296
582,3,0.0,0.4849293364361679
583,0,1.0,0.32480489920513944
584,0,0.0,0.2789863383781553
585,0,1.0,0.2836637077974884
586,0,1.0,0.710141494774787
587,0,1.0,0.8846053067729893
588,4,0.0,0.17870838425903346
589,3,0.0,0.01847581590472533
590,1,0.0,0.017919166761591873
591,1,1.0,0.7691217469943539
592,1,0.0,0.32447423831335187
593,0,1.0,1.052492984675332
594,4,1.0,0.7132973999285597
595,1,1.0,0.9572207268214263
596,2,1.0,0.9917622606465395
597,3,0.0,0.4416346852233483
598,1,1.0,0.5880641431327228
599,2,0.0,0.10041385252058713
600,1,0.0,0.6510858033726783
601,0,0.0,0.0571178585483353
602,4,0.0,0.31603640798175026
603,1,0.0,0.3046314708940592
604,0,1.0,0.8496016553085943
605,2,0.0,0.13974735526453083
606,3,0.0,0.03583084545627685
607,2,0.0,0.32431292917607457
608,3,1.0,0.6904977059715087
609,0,0.0,0.7271591206454704
610,4,1.0,0.7080097518777714
611,1,1.0,0.3114561034758597
612,0,1.0,0.6965122729980018
613,0,1.0,1.005730446821708
614,4,0.0,0.7480976554880047
615,0,0.0,0.513684030347124
616,1,1.0,0.9605566294642265
617,2,1.0,1.0151360152193045
618,3,0.0,0.25264622928703584
619,0,0.0,0.028316303099667525
620,0,1.0,0.9311021256923921
621,1,1.0,0.9635069541344532
622,0,0.0,0.029354375707342034
623,1,0.0,0.070436762595696
624,2,0.0,0.4687046703076725
625,4,0.0,0.17508585781366837
626,2,1.0,0.8582004892527495
627,3,1.0,0.8557308886660426
628,2,1.0,0.5798693497763823
629,4,1.0,0.24656063998708658
630,0,0.0,0.4263859844859909
631,1,0.0,0.6660489561573719
632,0,0.0,0.10216864670128131
633,1,0.0,0.0705208083468685
634,4,1.0,1.0051035959605468
635,3,1.0,1.0164538107711087
636,2,1.0,0.4760855706599353
637,3,1.0,0.8486590353247363
638,2,0.0,0.48381710442667847
639,0,0.0,0.7351050875539975
640,2,0.0,0.09329676228043438
641,4,1.0,0.9351281778693574
642,4,1.0,0.8792502075635257
643,4,0.0,0.47758322048741286
644,4,0.0,0.11648494812219702
645,1,1.0,0.9788999885870449
646,2,0.0,0.27909069609563475
647,4,1.0,0.8122822365413194
648,4,0.0,0.24204930855879755
649,4,1.0,0.6169260179047751
650,4,0.0,0.17070464672938873
651,2,1.0,0.538490448331062
652,1,1.0,0.7721628584086728
653,0,0.0,0.1356895804432758
654,3,1.0,0.8899668294834286
655,3,1.0,0.6339092814507472
656,0,0.0,0.20925700465921365
657,3,1.0,0.9054679011079696
658,3,1.0,0.8846419048137937
659,3,0.0,0.13118272108885473
660,3,1.0,0.8591185245653259
661,4,1.0,0.0150886191411439
662,1,0.0,0.40393187170970185
663,2,1.0,1.034725148171475
664,3,0.0,0.1796902555384926
665,4,0.0,0.1724959900782317
666,2,1.0,1.016582930938925
667,2,1.0,0.9227653070963056
668,2,1.0,0.9376481479372396
669,3,1.0,0.5103140083166255
670,2,1.0,0.5269505387877409
671,1,1.0,0.6481610210995912
672,0,1.0,0.6499130389308101
673,3,1.0,0.4332360520667991
674,2,1.0,0.9465237080436353
675,2,0.0,0.07671534055702017
676,0,1.0,0.45233308234772057
677,3,1.0,0.9074653163407103
678,2,0.0,0.038272302845330244
679,1,0.0,0.02548555369559885
680,0,0.0,0.40444847717660243
681,0,1.0,0.849406288577919
682,1,1.0,0.8518635700919621
683,4,0.0,0.3268313711201022
684,2,1.0,0.8347829112811351
685,4,0.0,0.10857945303059069
686,3,0.0,0.03370384575666209
687,3,1.0,0.7555220653202053
688,4,1.0,0.9758684349540464
689,4,0.0,0.3104117571082029
690,2,1.0,0.9503492328870986
691,3,1.0,0.8347611596060298
692,3,1.0,0.9846173178774598
693,2,0.0,0.4917018082065485
694,1,0.0,0.14812326899165468
695,0,0.0,0.13998124808182968
696,1,0.0,0.3181224598714799
697,2,0.0,1.0604574031466023
698,3,0.0,0.1482982341034481
699,3,1.0,0.743961354436997
700,4,1.0,0.8641063269796231
701,4,1.0,0.8735903851816719
702,1,0.0,0.07073579580869976
703,0,0.0,0.5834428399782532
704,4,0.0,0.22561428706407394
705,3,1.0,1.085951731291639
706,1,0.0,0.6849715896694102
707,1,0.0,0.017731847203313986
708,1,0.0,-0.02864275258187232
709,1,0.0,0.7133122411601724
710,3,0.0,0.13049510888874613
711,4,0.0,0.21053172257244052
712,1,0.0,0.23907604480521472
713,2,1.0,1.0238308225978778
714,0,1.0,0.8926713194107609
715,3,0.0,0.0023023885926682225
716,2,0.0,0.1803887563818837
717,1,1.0,0.44490775440560554
718,2,1.0,0.9298314147531301
719,3,0.0,0.20364427858731876
720,2,0.0,0.27820270165555383
721,4,1.0,0.9893472260308643
722,0,0.0,0.3714750742337045
723,1,0.0,0.05319792383487319
724,1,0.0,0.2158701315502199
725,2,0.0,0.5415300364236311
726,2,0.0,0.019847081451624615
727,4,0.0,0.9710259845773588
728,3,0.0,0.0456202961074406
729,1,0.0,0.5778947191458986
730,3,0.0,0.0492916357528634
731,4,1.0,0.9943533682130279
732,0,0.0,0.14636536044318837
733,3,0.0,0.45945020716266854
734,3,1.0,0.9112246169159226
735,1,0.0,0.0864230183857424
736,3,0.0,-0.025562243331378687
737,3,1.0,0.8333980915166652
738,1,1.0,0.21689260113440156
739,2,1.0,0.6831689777660408
740,3,1.0,0.72982039675041
741,3,0.0,0.20511101234596008
742,3,1.0,0.9712184671578978
743,1,1.0,0.9711630841639776
744,4,1.0,0.6165902369564167
745,0,1.0,0.4165822788053798
746,0,1.0,0.8974782361010634
747,1,1.0,0.8963500348293136
748,0,0.0,0.32384400932269036
749,4,1.0,0.9320447851597212
750,4,1.0,0.3412051436791594
751,4,0.0,0.12043617224161049
752,3,1.0,0.4869396678900662
753,4,0.0,0.3129976376550966
754,1,1.0,0.9741870181482324
755,3,0.0,0.11600261535725177
756,2,1.0,0.9812263641422234
757,0,1.0,1.0044064696877484
758,1,0.0,0.6453963606523645
759,0,0.0,0.056602625372656395
760,3,0.0,0.19676155697203584
761,0,0.0,0.44812998180191865
762,3,1.0,0.23563927158790235
763,3,1.0,0.4248153903062449
764,2,0.0,0.3881865477404801
765,4,0.0,0.34246276996994346
766,0,0.0,0.08966050953701532
767,1,0.0,0.1279357083961528
768,4,1.0,1.0137996960296722
769,1,0.0,0.49885616598153776
770,3,1.0,0.5949783558390647
771,4,1.0,0.8386536890747777
772,2,1.0,0.7574463306359813
773,0,0.0,0.6777995709076943
774,1,0.0,0.3034557636697771
775,3,1.0,0.8746123218368367
776,1,0.0,0.04412448811699719
777,4,1.0,0.852824772161758
778,4,0.0,0.5064188264187113
779,1,0.0,0.2681310262990406
780,2,0.0,0.3369965748900261
781,4,1.0,0.3190168905627766
782,0,0.0,0.11749524952598195
783,1,1.0,0.373015069158412
784,0,0.0,0.4182712842436004
785,3,1.0,0.7512563092316651
786,3,1.0,0.37695265322955246
787,0,1.0,0.4406207172537514
788,2,0.0,0.5246118068735361
789,0,0.0,0.10075533933366254
790,0,0.0,0.2600813923740276
791,3,0.0,0.08977549093763953
792,3,0.0,0.2577142785037554
793,4,0.0,0.08295735373837654
794,0,0.0,0.4775684690698531
795,2,0.0,0.3317283770937149
796,4,1.0,0.6597629876486462
797,4,1.0,0.663882384881222
798,2,1.0,0.7806968709233548
799,4,1.0,0.7198082592529763
800,2,0.0,0.1625847378654075
801,2,0.0,0.3282267149141731
802,4,1.0,0.847716600931482
803,3,0.0,0.7956314082607665
804,0,0.0,0.5638293515020727
805,2,1.0,0.9749448280203772
806,4,1.0,0.3236030406411798
807,4,0.0,0.19671840107788763
808,1,0.0,0.09833250557347681
809,0,0.0,0.06825407729132518
810,0,1.0,0.9821204828911954
811,1,1.0,0.7041748126704783
812,2,0.0,0.7313911421832879
813,2,0.0,0.04174981684702819
814,2,0.0,0.7357966040160135
815,1,1.0,1.0381159554029238
816,3,0.0,0.5865221457260161
817,4,1.0,0.15951280635736725
818,2,0.0,0.24931870407167103
819,1,1.0,0.6592215894487643
820,1,1.0,0.43966129811328736
821,1,1.0,1.047646548826179
822,2,0.0,0.06744182552238533
823,4,1.0,0.7466707536664959
824,3,1.0,0.6095230622185548
825,3,0.0,0.6348145737807218
826,0,1.0,0.7053132552032348
827,3,0.0,0.10766213199816452
828,2,0.0,0.2914057989237402
829,3,1.0,1.017918265762023
830,3,1.0,0.7631493667565541
831,0,1.0,0.40961342624786334
832,3,1.0,0.831653099984847
833,4,1.0,0.3420511608271871
834,0,0.0,0.5478765132033381
835,3,0.0,0.4695938950589365
836,0,1.0,0.3618641877308612
837,4,1.0,0.6800219391052321
838,1,1.0,1.0068369964683135
839,3,1.0,0.43729797623530675
840,2,1.0,0.8011355187895401
841,2,0.0,0.2805451120129052
842,4,0.0,0.26178416925972825
843,2,1.0,0.8196866457933423
844,2,1.0,0.981934064286297
845,2,0.0,0.7305580420957485
846,2,0.0,0.016639588193936072
847,1,0.0,-0.0357244145311979
848,2,0.0,0.1676218324623661
849,2,0.0,0.11422314917746831
850,3,0.0,0.42633669339792274
851,1,1.0,0.9287150176633694
852,3,0.0,0.12128371818365713
853,3,1.0,0.800378231840575
854,3,1.0,0.8726195954537777
855,3,1.0,0.8049198549647167
856,4,1.0,0.6184396293820423
857,0,0.0,0.36629606732887793
858,4,1.0,0.7352768279978429
859,0,1.0,0.9822619839461981
860,2,1.0,0.9935246723046509
861,2,1.0,0.8574734277405762
862,4,1.0,0.9234764143188036
863,2,0.0,0.041399634755703726
864,0,1.0,1.0799406434947474
865,4,1.0,0.8445774266196618
866,2,1.0,0.6938189852526395
867,2,0.0,0.12952050666368378
868,3,1.0,0.7160557908465104
869,2,1.0,0.9692385567546549
870,3,0.0,0.3732099767025512
871,2,1.0,1.0302879957611217
872,4,0.0,-0.026379194509276005
873,4,1.0,0.5021685226010446
874,3,1.0,0.5684130334802896
875,1,0.0,0.06445772665275429
876,0,1.0,0.9525233280668468
877,3,0.0,0.22856781092077422
878,3,1.0,0.4841920963728663
879,4,1.0,1.0641888139975004
880,4,1.0,0.19447175938793893
881,0,1.0,1.0824314168154552
882,4,0.0,0.040329858651314776
883,1,0.0,0.2864454949816738
884,3,1.0,0.34978307605037195
885,4,1.0,0.9908640561037914
886,3,0.0,0.04431013759314169
887,3,0.0,0.05724888042412497
888,0,1.0,0.927892073032571
889,0,0.0,0.02174343380507572
890,0,1.0,0.8097045628545703
891,0,1.0,0.9237971008258368
892,3,1.0,0.9344660043596007
893,4,0.0,0.062426517323310726
894,2,0.0,0.17237263657330879
895,2,1.0,0.9345258098723708
896,3,1.0,0.7549546175651145
897,3,1.0,0.868348060860409
898,4,1.0,0.9984588083688873
899,4,0.0,0.09032320136044442
900,2,1.0,1.0423500094006937
901,2,0.0,0.17247027339248522
902,1,0.0,0.5675844416331377
903,2,0.0,-0.015201171096435151
904,3,0.0,0.030673319950061187
905,1,1.0,0.981762167621832
906,1,0.0,0.7476893829943081
907,0,1.0,0.9489389510049293
908,0,0.0,0.11074881192089202
909,0,0.0,0.026414559364734275
910,3,0.0,0.5263870785795173
911,0,0.0,0.3095692534366271
912,2,0.0,0.6162398219142384
913,3,1.0,0.873210052863546
914,3,1.0,0.3436448321550465
915,4,1.0,0.39025337651651953
916,1,1.0,0.8478044221467742
917,1,0.0,0.7880166530328778
918,0,1.0,0.9459822743264092
919,2,1.0,0.07820833873929703
920,2,1.0,1.0291423022165438
921,3,0.0,0.05534198780140288
922,3,1.0,0.7255602524277476
923,2,0.0,0.25388321351475895
924,1,0.0,0.0017774806453345615
925,2,0.0,0.2968279002305801
926,3,1.0,1.0005912040810523
927,1,0.0,-0.04128218565258915
928,1,1.0,0.9003607327144831
929,3,0.0,0.016129898230415315
930,4,0.0,0.38450933792690983
931,4,0.0,0.2516179700762571
932,0,1.0,0.7967403355443756
933,1,0.0,0.06674292577666079
934,1,1.0,0.7434659613345678
935,3,1.0,0.7364602615564055
936,3,1.0,0.8832772913728986
937,3,1.0,0.91490171472392
938,1,1.0,0.3460565259283136
939,0,1.0,0.4969670559063212
940,0,0.0,0.41143104512613093
941,1,0.0,-0.0687203980776469
942,1,1.0,0.30244373719907747
943,1,1.0,0.7322951460114524
944,1,0.0,0.6903150395861188
945,2,0.0,-0.07125757458895199
946,0,1.0,0.7278862260168641
947,3,1.0,0.7396899679812075
948,2,1.0,0.9117288450796699
949,3,1.0,1.0307815499996529
950,1,1.0,0.6530976070199035
951,0,1.0,1.0737722372306002
952,1,1.0,0.7963648627881665
953,4,1.0,0.8861329339352689
954,1,0.0,0.2594281288647958
955,3,0.0,0.09693259310856966
956,4,1.0,0.8898538127410858
957,4,0.0,0.219391375556045
958,4,0.0,0.1290543604236596
959,4,0.0,0.21616877030934845
960,3,0.0,0.14656101401155927
961,3,1.0,0.9960618097639204
962,4,0.0,0.6890752087982668
963,3,0.0,0.20250815708468772
964,1,1.0,0.22676412347899283
965,2,1.0,1.075230547534104
966,0,1.0,0.6774599558687207
967,0,0.0,0.2410670776814602
968,1,0.0,0.20128246070823458
969,3,0.0,0.11259392006271163
970,1,1.0,0.8914186105599846
971,3,1.0,0.39568964004604734
972,3,1.0,0.7986290881142935
973,3,1.0,0.9234860886415244
974,4,1.0,0.49225276577844634
975,0,1.0,0.749626816782585
976,0,0.0,0.36588097031150346
977,4,1.0,0.6937624609474813
978,2,1.0,0.8777383101907736
979,3,0.0,0.2682333474260764
980,0,1.0,0.8582901251474937
981,1,0.0,0.7421543577667009
982,3,1.0,0.42853574602229216
983,4,0.0,0.2297980218940771
984,1,0.0,-0.17827560396363773
985,2,0.0,0.16466311373679782
986,2,0.0,0.05098919134119112
987,1,1.0,0.8660924000898726
988,1,1.0,1.0577456671177028
989,0,1.0,0.8796083020497527
990,2,0.0,0.5179976673563795
991,2,1.0,0.9763714646721957
992,0,1.0,0.7406117218689479
993,3,0.0,0.21441544143247526
994,3,1.0,0.7803194381628262
995,0,0.0,0.45215501441641703
996,1,1.0,1.0145406020448988
997,4,0.0,0.264808432974097
998,3,1.0,0.36866022301080903
999,2,0.0,0.16228316262704853
1000,1,0.0,0.04975004092903551
1001,1,0.0,0.28450391202293845
1002,2,1.0,0.9850033228392803
1003,2,1.0,0.870407380674268
1004,3,0.0,0.3330919654521759
1005,3,0.0,0.13714935876293047
1006,0,0.0,0.24740242030994453
1007,2,1.0,1.0038782845091703
1008,1,1.0,1.0333150441495689
1009,2,0.0,0.23241436159476958
1010,3,1.0,1.0058914905195575
1011,2,0.0,0.0874751997511839
1012,1,1.0,0.08446547559524745
1013,3,1.0,0.8095566313905733
1014,4,0.0,0.4786931943040234
1015,1,0.0,0.06179876046584917
1016,4,1.0,0.8561040298977355
1017,3,1.0,0.9117590914331981
1018,4,0.0,0.006456296186905616
1019,4,0.0,0.7261386759911
1020,1,1.0,0.5073954966795584
1021,3,1.0,0.9931689778632857
1022,4,1.0,0.8967936389359187
1023,4,0.0,0.01914727060099515
1024,1,0.0,0.127458982270593
1025,2,1.0,0.9218394022916041
1026,3,0.0,0.8622004058243959
1027,4,1.0,0.8894067403515344
1028,2,1.0,0.6052809268335482
1029,0,0.0,0.16735299741275222
1030,4,0.0,0.5888197441350518
1031,1,1.0,0.9658890976733916
1032,2,1.0,0.8869246761967926
1033,3,1.0,0.4195388682178625
1034,3,1.0,0.4892386749364806
1035,0,0.0,0.11536090223544981
1036,1,1.0,0.7783878231491366
1037,3,1.0,0.8478602397549917
1038,0,1.0,0.9509263000606891
1039,1,0.0,0.22657203969019896
1040,4,1.0,0.9634334180332064
1041,3,0.0,-0.023547451391057267
1042,1,0.0,0.7877705632392935
1043,0,0.0,0.09837394054050415
1044,3,1.0,0.983969728418375
1045,2,0.0,0.15663693090991448
1046,4,1.0,0.6607315110197569
1047,4,1.0,0.8166622047419198
1048,2,1.0,0.800783558734949
1049,1,1.0,0.1459918373737852
1050,3,1.0,0.9605587347039439
1051,2,0.0,0.34597571356865975
1052,1,1.0,1.1003251792874174
1053,4,1.0,0.8537408545802782
1054,1,0.0,0.36291501190749564
1055,0,1.0,0.8715599373224201
1056,0,0.0,0.020441101236292517
1057,1,1.0,0.9355155798528292
1058,4,1.0,0.9344111694546376
1059,1,1.0,0.5630401056052411
1060,2,1.0,0.9549124148222181
1061,4,0.0,0.2785041617195083
1062,4,0.0,0.2515606802782919
1063,2,0.0,0.38865728771840014
1064,3,1.0,0.5679103477432157
1065,0,1.0,0.7449607213647744
1066,4,1.0,0.78559553605705
1067,3,1.0,1.0592893802354968
1068,3,1.0,0.718653944997685
1069,1,1.0,0.5604622935337715
1070,1,1.0,0.8529900557531056
1071,3,0.0,0.45642104559352953
1072,3,0.0,0.17768839645759837
1073,4,0.0,0.13741826951086644
1074,3,1.0,0.883364561762612
1075,1,1.0,0.5752949732719809
1076,2,0.0,0.2125229516897716
1077,0,1.0,0.4324053234248389
1078,4,0.0,0.23388152065227888
1079,3,0.0,0.10420412315452765
1080,0,1.0,0.7011053505811538
1081,2,0.0,0.4554830975252481
1082,0,0.0,0.3637380202675542
1083,3,0.0,0.3644076447821677
1084,4,0.0,0.09178772597954979
1085,0,1.0,0.9819219133873058
1086,0,0.0,0.19904866105638908
1087,1,1.0,0.37239154248796535
1088,4,1.0,0.9132121036717205
1089,1,0.0,0.06671380221572136
1090,3,0.0,0.26189666938860134
1091,0,1.0,0.5945189200120398
1092,2,1.0,0.9060627550565163
1093,0,0.0,0.0548869310505751
1094,3,0.0,0.27770846808703514
1095,3,1.0,0.9024581818383934
1096,2,1.0,0.9129150075799888
1097,4,0.0,0.5405414921905909
1098,1,0.0,0.35271865871975927
1099,3,1.0,0.9846697505113096
1100,3,0.0,0.1708686845267834
1101,3,0.0,0.3503997454882951
1102,0,1.0,0.9708684073007077
1103,2,1.0,0.9650888875659169
1104,2,0.0,0.789384344137724
1105,0,1.0,0.7028714578071769
1106,4,0.0,0.1185223499846108
1107,0,1.0,0.9879340470024629
1108,1,1.0,0.3037698586448089
1109,0,1.0,0.7926851640887609
1110,2,0.0,0.14532925841876262
1111,4,1.0,0.44862369361336757
1112,1,0.0,0.38837508003847304
1113,1,1.0,0.345862578094124
1114,1,0.0,0.046664621207377216
1115,2,0.0,0.10516518762076661
1116,2,1.0,0.8723628617525196
1117,3,1.0,0.5998733799280819
1118,0,1.0,0.7139321060342327
1119,2,1.0,0.7550832346746896
1120,0,0.0,0.15176134773763944
1121,3,1.0,0.17232990527266412
1122,0,1.0,0.6869434144889217
1123,1,1.0,0.4921876486449338
1124,4,0.0,-0.020437975788398177
1125,4,1.0,0.9594291375812848
1126,1,0.0,0.037497328756751644
1127,2,0.0,0.6428467376420108
1128,4,1.0,0.22653274974705123
1129,3,0.0,0.026166787400970504
1130,2,1.0,1.0065144572644438
1131,4,1.0,0.4504321195579363
1132,4,1.0,0.8021240341614618
1133,1,1.0,1.0541506695007261
1134,1,1.0,1.0331348973440913
1135,2,0.0,0.1675920013502803
1136,0,0.0,0.0969161227538023
1137,4,1.0,0.8178755054365683
1138,4,0.0,0.6429063585639098
1139,0,0.0,0.0381076142502403
1140,2,1.0,0.8323470820397949
1141,3,0.0,0.06221652156142515
1142,3,0.0,0.5667937878438464
1143,3,0.0,0.1633124241349551
1144,3,0.0,0.13647864738956228
1145,4,0.0,0.09185147281557789
1146,2,1.0,1.0101710594865911
1147,3,1.0,1.0300878792383903
1148,1,1.0,0.8802909603089797
1149,4,1.0,0.8429870859149992
1150,3,0.0,0.07465371763820525
1151,3,0.0,0.13420748260494017
1152,3,0.0,0.2556427056309679
1153,1,0.0,0.33819808824902353
1154,4,0.0,0.10490399902753186
1155,4,0.0,0.7143202153338519
1156,4,1.0,0.8861486197646004
1157,3,1.0,1.011489322181054
1158,3,0.0,0.1330997270074766
1159,2,1.0,0.8458474606317177
1160,4,0.0,0.6409730909555486
1161,2,1.0,0.5845188668760851
1162,1,1.0,0.7821409379528468
1163,1,0.0,0.09520809853163345
1164,4,0.0,0.03556999457563617
1165,2,0.0,0.0856914204420644
1166,0,0.0,0.15207444183893812
1167,1,0.0,0.6860274533578008
1168,3,0.0,0.18598095115395374
1169,3,0.0,0.0871584634152846
1170,3,0.0,0.027911802188609558
1171,2,1.0,0.8079153751012123
1172,2,1.0,0.6721050912746547
1173,4,0.0,0.08436632950254272
1174,3,1.0,0.9065700675694168
1175,0,1.0,0.8174077404621876
1176,3,0.0,0.2733988560889654
1177,2,0.0,0.812990970954196
1178,1,0.0,0.058887599218565914
1179,2,1.0,0.9844076259795533
1180,0,0.0,0.15924476807007754
1181,0,1.0,0.7880996734764545
1182,4,1.0,0.9851834905835534
1183,2,1.0,0.8822202125738752
1184,0,1.0,0.8870790175300394
1185,4,0.0,0.11549196720739155
1186,4,0.0,0.2732430301187902
1187,0,1.0,0.4267961047915934
1188,4,0.0,0.16308691249216306
1189,2,1.0,0.3275772727060208
1190,3,1.0,0.863405521406881
1191,1,1.0,0.8685096262023972
1192,0,1.0,1.0238111619438373
1193,3,0.0,0.8129834270522882
1194,1,0.0,0.4127126473023203
1195,0,0.0,0.14302921699833676
1196,4,0.0,0.6601576915427657
1197,3,0.0,0.1383539386299679
1198,0,0.0,0.037191612427846465
1199,3,0.0,0.6545251834776333
1200,0,1.0,0.9325462854826618
1201,3,1.0,0.15452537095813335
1202,1,1.0,0.7391783573059316
1203,3,0.0,0.06642212517226176
1204,1,1.0,0.15363256677462017
1205,3,1.0,1.007478298772862
1206,1,0.0,0.29380058519673
1207,3,1.0,0.6794247905662643
1208,1,0.0,0.17183831651195872
1209,4,0.0,0.005376928687121113
1210,2,1.0,1.0578268469301837
1211,3,1.0,0.8664929918944186
1212,2,1.0,0.4267116673211926
1213,2,1.0,0.8914518899829709
1214,3,1.0,0.3952294862803496
1215,3,1.0,0.5213942446610864
1216,3,1.0,0.23991574009239922
1217,4,1.0,0.7182100002723575
1218,1,0.0,0.42349606796376676
1219,3,0.0,0.7247122795625096
1220,4,0.0,0.4296814847277606
1221,3,1.0,0.2344967724741679
1222,1,1.0,0.44219916946263543
1223,1,1.0,0.827284854477002
1224,2,1.0,0.8052161479656794
1225,0,1.0,0.8694405675927699
1226,4,1.0,0.9847021982896524
1227,0,0.0,0.06018137352238315
1228,2,1.0,0.9567489726733396
1229,3,0.0,0.8185724166074293
1230,1,0.0,0.14176536718096705
1231,0,0.0,0.4178393447351226
1232,1,1.0,0.9325868158603652
1233,1,0.0,0.16274916371336529
1234,3,1.0,0.8747832123365926
1235,0,0.0,0.5424017332540328
1236,2,1.0,1.068716457133197
1237,1,1.0,1.0246388902610606
1238,3,1.0,0.2180136821741806
1239,1,1.0,0.980033009728525
1240,4,1.0,0.485368100338775
1241,1,1.0,0.07811719772113944
1242,1,0.0,0.09955687155005002
1243,4,1.0,0.8648759590857261
1244,0,1.0,0.8755343823406225
1245,3,1.0,0.561770657300827
1246,0,1.0,0.40203570032504155
1247,0,1.0,0.6594902536703913
1248,3,1.0,0.9257899252581054
1249,2,0.0,0.20666455676659484
1250,4,1.0,0.9191193745562104
1251,1,1.0,0.7260013020362259
1252,4,1.0,0.8842841107856918
1253,1,1.0,0.39338996460264847
1254,3,0.0,0.07237590896170648
1255,3,0.0,-0.026657044035215738
1256,4,1.0,0.7847342950046632
1257,2,0.0,0.2496284934409964
1258,4,0.0,-5.157332469556131e-05
1259,4,1.0,0.458451727665272
1260,1,1.0,0.9062301284517329
1261,0,0.0,0.9359336509573934
1262,3,0.0,0.15634894663112703
1263,2,1.0,0.21243384940965437
1264,2,0.0,0.22928715509708808
1265,2,0.0,0.3254716484517758
1266,4,0.0,0.663494066966365
1267,0,0.0,0.04857996068226325
1268,4,1.0,0.9530164094817727
1269,4,0.0,0.44656139123853605
1270,2,0.0,0.14934863367374607
1271,3,0.0,-0.0085328365313814
1272,3,0.0,0.17369797577604976
1273,1,1.0,0.28422372259670753
1274,1,0.0,0.043267927981142554
1275,0,0.0,0.1560444793723334
1276,0,1.0,0.8729612222876622
1277,4,0.0,0.19212666378857926
1278,3,1.0,0.6227864995713799
1279,3,1.0,0.838622496856732
1280,0,1.0,0.8965397865770637
1281,3,0.0,0.7138748462712463
1282,2,0.0,0.4944188179411966
1283,1,1.0,0.2755154692340372
1284,4,1.0,0.9070927257209574
1285,1,1.0,1.0056589769115618
1286,0,0.0,0.030840843909926904
1287,3,1.0,0.7990448496146654
1288,2,1.0,0.9279930863466623
1289,2,0.0,0.2777031404496759
1290,2,0.0,0.12847320582230767
1291,0,0.0,0.10481241919707995
1292,0,1.0,0.894913936867153
1293,4,1.0,0.9446842389166612
1294,0,0.0,0.30219127083819664
1295,1,1.0,0.9482271347663533
1296,4,1.0,0.9041605682975159
1297,3,1.0,0.8623893518172754
1298,3,1.0,0.20329712435586972
1299,4,1.0,0.8124828104083585
1300,2,1.0,0.8575454126301509
1301,2,1.0,0.7914011939679697
1302,4,0.0,0.7500610814369175
1303,0,0.0,0.7410791360491169
1304,1,1.0,0.8602754633793648
1305,2,1.0,1.0913499805557092
1306,2,0.0,0.057054246318604694
1307,2,1.0,0.7860519920427607
1308,4,1.0,0.8396551267810425
1309,1,1.0,0.14277377035184552
1310,3,0.0,0.04821963254664908
1311,1,1.0,0.9321958640832939
1312,0,0.0,0.12751323731390504
1313,3,1.0,0.7246778590553271
1314,3,1.0,0.7989286804682332
1315,0,0.0,0.1012286487251875
1316,1,0.0,0.9243132316709248
1317,2,0.0,-0.024667207171464756
1318,1,1.0,0.8284447465190345
1319,2,1.0,0.9787835471121107
1320,1,0.0,0.16117693382041892
1321,0,1.0,0.16060579465251243
1322,1,1.0,1.0693003066824878
1323,4,1.0,0.9129346325704749
1324,1,1.0,0.9469364006648402
1325,0,0.0,0.5018150016752647
1326,0,1.0,0.6273553801726424
1327,3,0.0,0.1787809279187569
1328,1,1.0,0.8612873975846982
1329,4,1.0,0.9363518422438543
1330,1,0.0,0.7466715995480164
1331,2,1.0,0.9290912567217904
1332,1,1.0,1.0184017243789494
1333,2,1.0,0.46450220428719546
1334,4,1.0,0.9522115711439669
1335,0,0.0,0.6291799085806526
1336,1,0.0,0.03223077647431821
1337,0,1.0,1.0348821296776172
1338,1,1.0,1.037540172947698
1339,4,0.0,0.14512067025001094
1340,2,0.0,0.15666627934031932
1341,2,0.0,0.8560394907923856
1342,2,1.0,1.0177390243433604
1343,2,0.0,0.08976581264425477
1344,2,0.0,0.07892544815951341
1345,1,1.0,0.12129261542589584
1346,2,1.0,0.7761801536013351
1347,0,0.0,0.6543739146909637
1348,3,0.0,0.7318555262823163
1349,1,1.0,0.1341751876666506
1350,3,0.0,0.47399757674631215
1352,4,0.0,0.1925122716264071
1353,0,1.0,0.864203641493186
1354,3,1.0,0.7121342212538695
1355,3,1.0,1.012336201537792
1356,3,0.0,0.06048037603317391
1357,4,1.0,0.9455644165210145
1358,2,0.0,0.21894451629555628
1359,1,1.0,0.2416654093595566
1360,1,1.0,0.9732576646663835
1361,2,1.0,0.7294382959048118
1362,1,0.0,0.6030043194127129
1363,1,0.0,0.6330965422425412
1364,2,1.0,0.7080960869190904
1365,1,0.0,0.20599259395473513
1366,4,0.0,0.2581832460566706
1367,0,1.0,0.3696855316351487
1368,3,0.0,0.15456556282256323
1369,2,1.0,0.3951892229472089
1370,4,0.0,0.1687836021496299
1371,1,0.0,0.06739294911695824
1372,4,0.0,0.10806170723322982
1373,0,1.0,0.2704533000398335
1374,4,0.0,0.727741169130305
1375,4,1.0,0.9976367790368116
1376,3,1.0,0.6226176211777041
1377,2,1.0,0.8690676437899654
1378,2,1.0,0.692068662122415
1379,3,1.0,0.7485791742705465
1380,3,0.0,0.04978721656679169
1381,0,1.0,0.9964771221282926
1382,1,1.0,1.0334518705651186
1383,3,0.0,0.804569033907166
1384,0,1.0,0.41778152537038166
1385,4,0.0,0.5542731148083684
1386,1,0.0,0.12692509680411793
1387,0,0.0,0.07718915742095113
1388,1,0.0,0.48692717849315675
1389,1,1.0,0.9419345962050225
1390,1,1.0,0.58749296285366
1391,4,1.0,0.9456570277826553
1392,1,0.0,0.14244459511967578
1393,4,1.0,0.7457223382218432
1394,1,1.0,0.6769402146174917
1395,3,1.0,0.4336391283351913
1396,2,0.0,0.3576221923768609
1397,0,0.0,0.23047481267134773
1398,0,0.0,0.6330363467646409
1399,4,1.0,0.9580765675280641
1400,4,1.0,0.8260918316930196
1401,4,0.0,0.006507875693079493
1402,3,1.0,1.0253900058713552
1403,4,0.0,0.28169284136834044
1404,3,0.0,0.24237664340282591
1405,1,1.0,0.7243573512731782
1406,2,1.0,0.9057875131060642
1407,3,0.0,0.07570228271972698
1408,1,0.0,0.027899726397469363
1409,2,1.0,0.8522840858189717
1410,1,1.0,0.7320101074999059
1411,4,1.0,0.7996937344529664
1412,4,1.0,0.9743892013910335
1413,4,1.0,0.8374055343922858
1414,4,1.0,0.9925878791350566
1415,0,0.0,0.11446556601975416
1416,4,1.0,0.5700031175044202
1417,0,1.0,0.23639940442563495
1418,4,1.0,0.36348112860017356
1419,3,1.0,0.48658724878678045
1420,2,0.0,0.0367682285950537
1421,2,1.0,0.3989443413155725
1422,0,0.0,0.044835442552075805
1423,3,0.0,0.1280919648207367
1424,1,1.0,0.9063830989323993
1425,1,1.0,0.08559340494880874
1426,0,1.0,0.8546105558149508
1427,3,0.0,0.5100345546644529
1428,0,1.0,0.8583013818867455
1429,4,1.0,0.8421570953545215
1430,2,0.0,0.6407809316622126
1431,2,0.0,0.08551432292141173
1432,2,1.0,0.8154043312697088
1433,4,1.0,0.9427004839552416
1434,0,0.0,0.6148291342168839
1435,1,0.0,0.06045540721233082
1436,0,1.0,1.0024370150068729
1437,4,0.0,0.1152245787180302
1438,1,1.0,0.9681940128046898
1439,2,0.0,0.08131212092648506
1440,4,0.0,0.17202857445074737
1441,4,0.0,0.0027810856406206147
1442,4,1.0,0.7100549192197954
1443,0,1.0,0.896560261884535
1444,1,1.0,0.7216252258854321
1445,1,0.0,0.12212338136895884
1446,4,1.0,0.9125828173865963
1447,3,0.0,0.13454499769394
1448,4,0.0,0.3766968258526701
1449,3,0.0,0.2080266491913442
1450,3,0.0,0.5953859397084809
1451,2,0.0,0.3721400204699883
1452,0,1.0,0.48534235863383035
1453,0,0.0,0.08232793825737461
1454,4,0.0,0.39242742675439823
1455,2,1.0,0.7318582320875615
1456,0,0.0,0.20239668513168252
1457,1,1.0,0.7888209980283716
1458,1,0.0,0.25172099184382224
1459,1,1.0,0.8814008158443554
1460,2,0.0,0.18807705030697847
1461,1,0.0,0.5506854987495154
1462,4,0.0,0.793207944698084
1463,0,1.0,0.7618982948051045
1464,1,0.0,0.29154477935546125
1465,4,1.0,1.126210379199326
1466,2,0.0,0.016458803851833514
1467,0,1.0,0.30357019724334905
1468,0,0.0,0.08488957700811095
1469,2,1.0,0.3510089473784499
1470,3,0.0,0.40389740048912154
1471,2,1.0,1.0104857892027044
1472,3,1.0,0.9105548984555327
1473,3,0.0,0.6567345228092769
1474,1,1.0,0.4602924079227561
1475,0,1.0,0.22777247170170328
1476,0,1.0,0.3306280397253937
1477,0,1.0,0.7774707607452849
1478,1,1.0,0.9998966923066863
1479,1,1.0,0.3990565260150879
1480,2,1.0,0.9498213844143255
1481,4,0.0,0.05249683233994487
1482,4,1.0,0.9622438761541501
1483,1,0.0,0.3357595951306602
1484,1,1.0,1.010308584446045
1485,4,1.0,0.9499565860935321
1486,0,1.0,0.8805450563079897
1487,4,0.0,0.09202905905853914
1488,4,1.0,0.8499319314290245
1489,3,0.0,0.06901082176165799
1490,0,1.0,0.11634108375101693
1491,2,0.0,0.1717728124727993
1492,3,1.0,0.9907017819395261
1493,3,0.0,0.03750457464050322
1494,0,1.0,0.9816220172764798
1495,2,1.0,0.37840411484194064
1496,1,0.0,0.4503406269464165
1497,3,1.0,0.6018174314939304
1498,4,0.0,0.7447940491208884
1499,4,1.0,0.9792635615402754
1500,0,0.0,0.03408199085056217
1501,2,1.0,0.9358181657805003
1502,4,0.0,0.1865075490058386
1503,4,1.0,0.684640850250262
1504,1,1.0,0.9085345697592251
1505,0,0.0,0.027084290922347085
1506,2,1.0,0.9140985562631891
1507,3,0.0,0.06375918825503728
1508,2,0.0,0.5057220397242315
1509,2,1.0,0.714501546122216
1511,2,0.0,0.41362097850695567
1512,4,1.0,0.9918856467612465
1513,1,1.0,1.0225316091259269
1514,0,1.0,0.7048178765680342
1515,1,0.0,0.10965092878349719
1516,0,1.0,0.6227700937206448
1517,4,1.0,0.7033277113160973
1518,2,0.0,0.530201379082093
1519,4,1.0,0.6989086798102606
1520,2,1.0,0.9433089200228171
1521,2,1.0,1.0552859196738604
1522,0,1.0,0.7599296285957335
1523,3,0.0,0.20709605800875625
1524,4,0.0,0.12962838203181662
1525,2,1.0,0.8047634174391725
1526,4,1.0,0.3953254358106589
1527,3,1.0,0.7577388248968069
1528,3,0.0,1.0328884830349434
1529,3,0.0,0.34613086536689674
1530,2,0.0,0.26194735799929536
1531,4,0.0,0.05528560494113198
1532,4,0.0,0.9217261841697797
1533,4,1.0,0.09060509712650641
1534,0,1.0,0.9915015160768432
1535,3,0.0,0.4865573420991089
1536,0,0.0,0.14521762070607622
1537,4,1.0,0.8011276696676026
1538,4,1.0,1.02327448840154
1539,3,1.0,0.8017735985522316
1540,1,0.0,0.09346590337970756
1541,0,1.0,0.9403428397908236
1542,1,1.0,0.8796355664816622
1543,3,1.0,0.764568078049958
1544,2,1.0,0.7204934317243858
1545,0,0.0,0.25601828785048486
1546,3,1.0,0.961399125623253
1547,0,0.0,0.13549421419033908
1548,0,1.0,1.07497966722891
1549,3,0.0,0.1491621839653651
1550,0,1.0,0.9856401855456163
1551,2,1.0,0.9212018569616529
1552,2,1.0,0.8509609849517203
1553,1,0.0,0.4615071419338885
1554,0,1.0,0.7847512938263665
1555,0,0.0,0.1020657358058748
1556,3,1.0,0.20446751276262493
1557,1,0.0,0.6785209282609472
1558,1,1.0,0.36073727413782797
1559,0,1.0,0.6998847441983427
1560,0,1.0,0.9390534104376804
1561,3,0.0,0.2993672214844525
1562,1,1.0,0.6802205722224961
1563,1,1.0,0.6811243121543216
1564,1,1.0,0.5127567103575241
1565,3,1.0,0.8341663219769031
1566,0,1.0,0.7022239487735047
1567,0,1.0,0.3964931406515756
1568,1,1.0,0.9711244156301342
1569,1,1.0,0.21167835526995227
1570,0,1.0,0.3373918057825363
1571,0,0.0,0.278627974863471
1572,0,0.0,0.001795675342041142
1573,3,0.0,0.732952410188787
1574,4,0.0,0.671644557906876
1575,3,1.0,1.013778402854594
1576,1,0.0,0.15492967132728153
1577,0,1.0,0.2260272326101525
1578,2,0.0,0.758225439204349
1579,3,1.0,0.9219671040623909
1580,2,0.0,0.15627353303494054
1581,4,0.0,0.10603212888222467
1582,1,0.0,-0.04047930332909638
1583,4,1.0,1.0492905482228605
1584,2,1.0,0.5659160787442081
1585,3,1.0,0.8930500601456388
1586,2,0.0,0.43230703064896586
1587,1,0.0,0.31798576890485736
1588,4,0.0,0.7701359818179221
1589,4,1.0,1.035956350113799
1590,2,0.0,0.6908002434415079
1591,1,1.0,0.9415336785883481
1592,2,1.0,0.6295776497793029
1593,4,1.0,0.9904007762832385
1594,4,1.0,0.7406358643601816
1595,2,0.0,0.38817726910225014
1596,0,1.0,0.5293941098048103
1597,0,0.0,0.18729443674849255
1598,1,0.0,0.08777083030824583
1599,4,0.0,0.40171696830618
1600,3,0.0,0.19055244173388342
1601,4,1.0,0.7079137652525658
1602,4,0.0,0.08350230598582925
1604,1,1.0,0.2337238473712243
1605,0,1.0,0.9575163452914528
1606,3,0.0,0.4216266621809524
1607,3,1.0,0.942828508801612
1608,4,0.0,0.16852072801169984
1609,1,1.0,0.7332333169829164
1610,0,1.0,0.35664867720711946
1611,2,1.0,0.6625672809323659
1612,1,1.0,0.7708398618051973
1613,0,0.0,0.1031583152323522
1614,0,1.0,0.8091508837785246
1615,0,1.0,0.08619679735117763
1616,2,0.0,0.2203916466164192
1617,0,1.0,1.0928632748781417
1618,3,0.0,0.29592461272329285
1619,1,1.0,0.787820889231823
1620,0,1.0,0.6406645282520607
1621,2,1.0,0.960200913329591
1622,1,1.0,0.9116289634983905
1623,0,0.0,0.09095864980996157
1624,1,0.0,0.01106071356059915
1625,2,0.0,0.11262554223410015
1626,0,0.0,0.07421100510026468
1627,1,0.0,0.11185012222128558
1628,0,1.0,0.43359043297034144
1629,0,1.0,0.8913149718092372
1630,3,0.0,0.272489402104921
1631,4,1.0,0.8196096256788357
1632,3,0.0,0.38539818583683405
1633,1,1.0,0.39622786791662373
1634,1,1.0,0.8026389778863336
1635,1,1.0,1.024552301587542
1636,4,1.0,0.9247722073813671
1637,3,0.0,0.9817051609428404
1638,4,1.0,0.8635040215580025
1639,4,1.0,0.7004524156105205
1640,1,1.0,0.7704344225441992
1641,4,0.0,0.09984525933634072
1642,1,1.0,0.9259389589127691
1643,4,0.0,0.34946749430228996
1644,3,1.0,1.0320703062644474
1645,0,1.0,1.0294162528571327
1646,2,1.0,0.7341577578633931
1647,3,0.0,0.6668051941331852
1648,4,0.0,0.056672939223728534
1649,2,0.0,0.040757843129969454
1650,2,1.0,0.9622400745094069
1651,0,1.0,0.9793344616259902
1652,0,0.0,0.17903565584536907
1653,4,1.0,0.9502072682032959
1654,1,1.0,0.6321088764663358
1655,1,0.0,0.639449207309077
1656,1,0.0,0.036141194775429125
1657,0,1.0,0.8128597317752306
1658,2,0.0,0.7943579582152334
1659,0,1.0,0.9557128726499824
1660,4,0.0,-0.002331331213075688
1661,3,0.0,0.545286346925735
1662,3,0.0,0.1572243563816663
1663,0,1.0,0.9623802181606405
1664,0,1.0,0.8554891277242207
1665,2,0.0,0.7010092982806526
1666,4,0.0,0.21178430485818317
1667,3,1.0,0.7941044903163561
1668,4,0.0,0.2622565399507386
1669,0,0.0,0.059635484663093236
1670,3,1.0,0.9261670657382703
1671,0,1.0,0.965670769258141
1672,2,1.0,0.3226112101967439
1673,2,0.0,0.4315984969225352
1674,1,0.0,0.16648482517860433
1675,2,1.0,0.49485857140297523
1676,2,1.0,0.9520285832773927
1677,3,0.0,0.1388341332644457
1678,0,1.0,0.9756876724974497
1679,0,0.0,0.11815487087833346
1680,0,1.0,0.8949988949794545
1681,1,1.0,0.6038975651540115
1682,1,1.0,0.7002511043696888
1683,4,1.0,0.3454804792768733
1684,1,1.0,1.0393160229862641
1685,2,0.0,0.5791430174365951
1686,4,0.0,0.2528072471553222
1687,3,1.0,1.0885055865622597
1688,4,0.0,0.10499047753601426
1689,3,1.0,0.9232069479545533
1690,4,1.0,0.6832611432089578
1691,0,1.0,1.0040782321494108
1692,4,1.0,0.9796939446457665
1693,1,1.0,0.36602280034609247
1694,2,0.0,0.7187682805730597
1695,3,1.0,0.7786611635423195
1696,0,1.0,1.0505546437037792
1697,4,0.0,0.18060581420080368
1698,3,1.0,0.14854330563654103
1699,2,0.0,0.2023958235120576
1700,4,0.0,0.29374626657160513
1701,0,1.0,0.4298547601059584
1702,0,0.0,0.36385147494044945
1703,4,1.0,1.0020540963247058
1704,0,1.0,1.0440970388397373
1705,4,0.0,0.20367207943245835
1706,1,1.0,0.7475439863308604
1707,4,0.0,0.21753547513817129
1708,3,1.0,0.9783518605018746
1709,4,0.0,0.04731570023139052
1710,4,1.0,0.992778004565231
1711,2,0.0,0.35048553980003055
1712,4,1.0,1.0149433020189507
1713,3,1.0,0.8483451298596019
1714,3,0.0,0.11354559156043456
1715,0,0.0,0.05595264810645188
1716,2,1.0,0.8581009567575426
1717,4,0.0,0.38612806091935553
1718,0,1.0,0.9818706793280729
1719,4,1.0,0.13905084287730085
1720,4,0.0,0.5068725020295951
1721,2,0.0,0.5078105293813304
1722,2,0.0,0.7575144363283586
1723,3,0.0,0.07077318006658789
1724,0,1.0,0.13126180958786948
1725,3,0.0,0.3588339913990998
1726,1,1.0,0.5030314054538922
1727,4,1.0,0.9924163085759644
1728,3,0.0,-0.07177568825487213
1729,4,1.0,0.2047064691146977
1730,4,1.0,0.7852293671674945
1731,1,1.0,0.9140303400597174
1732,2,1.0,0.9085159663417426
1733,0,0.0,0.31049422023946616
1734,0,1.0,0.7643134416879367
1735,2,1.0,0.32209200140980315
1736,0,0.0,0.9176149947103676
1737,2,1.0,0.4800315040184234
1738,4,1.0,0.9796857246777957
1739,2,0.0,0.6931409099478281
1740,3,1.0,1.0180675793801979
1741,0,1.0,0.9775850136510191
1742,0,1.0,0.7638305817597377
1743,1,1.0,0.8103056552051711
1744,0,0.0,0.21441492004293983
1745,2,0.0,0.710245693418083
1746,0,0.0,0.18927229938041695
1747,3,0.0,0.327913374460744
1748,1,1.0,0.9765954925228266
1749,3,1.0,1.0306884955686824
1750,0,0.0,0.6288878424129346
1751,3,1.0,0.5347144805377757
1752,2,0.0,0.48780021486025654
1753,4,0.0,0.08774563915315448
1754,3,1.0,0.38227666084362155
1755,4,0.0,0.32143065969541695
1756,4,1.0,0.7681683769296407
1757,3,0.0,0.2746172045902681
1758,4,0.0,0.9851179380372097
1759,0,1.0,0.9539134436473118
1760,1,1.0,1.0292304625715476
1761,0,1.0,0.8881281724225798
1762,4,1.0,0.9844936410320572
1763,4,0.0,0.11050455263926094
1764,3,0.0,0.10620674962374593
1765,2,1.0,0.9169054933213401
1766,1,1.0,0.5935505166959691
1767,4,1.0,0.9002814285769135
1768,2,1.0,0.8266390033269722
1769,1,0.0,0.6517190572073532
1770,2,0.0,0.3208320836101302
1771,0,0.0,0.2100257719115644
1772,0,0.0,0.3689474019555655
1773,4,1.0,1.0024894978863015
1774,1,0.0,-0.04513976993422636
1775,4,0.0,0.23770456988617691
1776,1,0.0,0.2756417192896954
1777,4,1.0,0.39872447487793145
1778,4,0.0,-0.04092348459601278
1779,3,1.0,0.9277621808501186
1780,2,0.0,0.4150808177651371
1781,4,0.0,0.1190147861081349
1782,3,1.0,1.0239766842545936
1783,3,1.0,0.9119887386096384
1784,4,0.0,0.03384762631320638
1785,2,1.0,0.8279453527115539
1786,3,0.0,0.12013961149125518
1787,0,1.0,0.20991003106611827
1788,2,0.0,0.7345888088167383
1789,0,0.0,0.41510303959151096
1790,1,0.0,0.4638463981147726
1791,2,1.0,0.6660583838445886
1792,3,0.0,0.6640808360171722
1793,1,1.0,0.6537267788555317
1794,0,0.0,0.21840376649820498
1795,3,1.0,0.6102801485790297
1796,2,1.0,0.9885886284115792
1797,4,1.0,0.7316218874051864
1798,2,0.0,0.5841974619878476
1799,0,1.0,0.7610076739942468
1800,4,0.0,0.27799099836230434
1801,4,1.0,0.15521153378230357
1802,2,0.0,0.30230549654680755
1803,0,0.0,0.05878589893070127
1804,2,1.0,0.7692552784059579
1805,1,0.0,0.5237889556553448
1806,2,1.0,1.0077778744282233
1807,2,1.0,0.9206332173738223
1808,0,0.0,0.3560103640838674
1809,2,1.0,0.21656095745110687
1810,2,0.0,0.26216560908333897
1811,4,1.0,0.9236468070669919
1812,3,0.0,-0.11965227532269118
1813,4,0.0,1.0165713185175762
1814,2,0.0,0.34868144413933166
1815,0,0.0,0.19528991696688225
1816,4,1.0,0.7438067368146001
1817,1,1.0,0.9169091311323438
1818,0,1.0,0.834205961984515
1819,0,0.0,0.768512863542316
1820,2,0.0,0.1132453444986377
1821,1,1.0,0.8012249068130677
1822,2,1.0,0.9158980670592307
1823,0,1.0,0.812509349610619
1824,0,1.0,0.7777359682938438
1825,3,0.0,-0.00984031122382388
1826,1,0.0,0.25966536927753425
1827,4,0.0,0.19487731211214482
1828,4,0.0,0.6005472057221279
1829,2,1.0,0.8518755279955672
1830,0,0.0,0.589914216472267
1831,3,1.0,1.0851448453392825
1832,3,0.0,0.4246891920881819
1833,1,1.0,0.8889098569040503
1834,1,1.0,0.8142231905638548
1835,3,1.0,0.9527554405165188
1836,0,0.0,0.39294252313280414
1837,1,0.0,0.04468088740920649
1838,0,1.0,0.8544399517183761
1839,2,1.0,0.7261933705816512
1840,4,1.0,0.9310336749980129
1841,4,0.0,0.12669924103709174
1842,2,1.0,1.0024831676320778
1843,0,1.0,0.394460798473135
1844,4,1.0,0.9918724001940569
1845,1,1.0,0.7589087763275644
1846,4,0.0,0.01903269415077663
1847,4,0.0,0.27742191103534186
1848,4,1.0,0.8241840782834106
1849,2,1.0,0.977990163656238
1850,4,0.0,0.09711866984972467
1851,1,1.0,0.7333200045475494
1852,0,1.0,0.5168831582730196
1853,4,0.0,0.11601484113540729
1854,3,1.0,0.9386640684772778
1855,2,0.0,0.2448788028369544
1856,4,1.0,0.29257121604526637
1857,0,1.0,0.6355450904507345
1858,3,0.0,0.13953942426297106
1859,2,0.0,0.11582971823112796
1860,2,1.0,0.9732977567228789
1861,2,0.0,1.0322684316670014
1862,1,0.0,0.6141547581471073
1863,2,0.0,0.17341208057514468
1864,1,0.0,0.29436144966501976
1865,0,1.0,0.6702426284873761
1866,1,1.0,0.6755083862730611
1867,4,1.0,0.5313547899671786
1868,4,1.0,0.960939155364888
1869,2,1.0,0.6806559206250704
1870,2,0.0,0.06566899644314778
1871,1,0.0,0.21354022110123858
1872,1,0.0,0.7221289120124246
1873,2,1.0,0.8770466085048763
1874,1,1.0,0.4019666855340983
1875,4,1.0,0.6869435032474118
1876,2,0.0,-0.004710342596670664
1877,0,0.0,0.9282424046858666
1878,0,1.0,0.49557237080613037
1879,1,0.0,0.08834064723908298
1880,3,1.0,0.4556383555009906
1881,1,1.0,0.7473185234370914
1882,4,0.0,0.46695364337287903
1883,3,1.0,0.9292872641438963
1884,3,0.0,0.367114806327063
1885,4,1.0,0.3739667989132587
1886,3,0.0,0.09584044282422026
1887,4,0.0,0.31549271190968753
1888,1,1.0,0.534433892387127
1889,0,1.0,0.44625845685708715
1890,4,0.0,0.18396993539208603
1891,4,0.0,0.01640502755918008
1892,3,1.0,0.36606190347111817
1893,4,0.0,0.6687588283757547
1894,3,0.0,0.05751135686228549
1895,4,1.0,0.7723905204418618
1896,4,1.0,1.0036308701758005
1897,3,1.0,0.8685085203935712
1898,0,0.0,0.3221016603137894
1899,4,0.0,0.27583388634383454
1900,4,0.0,0.18352750937291587
1901,2,0.0,0.7807570301686428
1902,0,1.0,0.9376151454190675
1903,1,1.0,0.5392508139788723
1904,4,0.0,0.2117644535096189
1905,4,1.0,0.9316971863418294
1906,4,1.0,0.8462478255431433
1907,2,0.0,0.4792950010326879
1908,0,1.0,0.7334038194474153
1909,3,1.0,0.8077848953968589
1910,0,1.0,0.6469872426387033
1911,4,1.0,0.8675218810169171
1912,3,0.0,0.5075024218780055
1913,3,1.0,0.696686611371401
1914,1,1.0,0.6879374369920634
1915,3,1.0,1.0024106626552987
1916,0,1.0,0.8945011590743706
1917,0,0.0,0.7009895844152383
1918,2,1.0,0.1913630480080819
1919,3,0.0,0.06350801448714703
1920,4,0.0,0.2230615675164157
1921,0,1.0,0.9476317860353445
1922,3,1.0,0.9267903566951461
1923,3,1.0,1.0109433109552757
1924,0,1.0,0.9450257770199255
1925,2,0.0,0.4590857785474122
1926,3,0.0,0.385467637868373
1927,0,1.0,0.41681328444643956
1928,1,0.0,0.2331126896731552
1929,0,0.0,0.30080552737667854
1930,4,0.0,-7.817693432410344e-05
1931,2,0.0,0.7626509498801008
1932,0,1.0,0.7608664950556923
1933,4,1.0,0.7082794341902257
1934,2,0.0,0.42139451597162886
1935,0,0.0,0.31080612085618375
1936,0,1.0,0.3819184699009739
1937,0,1.0,0.8818596130471243
1938,2,0.0,0.43623788482309594
1939,0,0.0,0.38326145006874623
1940,1,0.0,0.194087616675641
1941,3,1.0,0.9816103573906902
1942,0,0.0,0.10338555021398016
1943,0,0.0,0.3398634440685795
1944,1,1.0,0.9507104457992341
1945,1,1.0,0.8888073469692876
1946,2,0.0,0.11060093029194751
1947,4,1.0,1.0387999825834533
1948,1,1.0,0.8492489504794416
1949,2,1.0,0.5898937402122243
1950,2,1.0,1.0199354281039705
1951,2,0.0,0.4460024660593501
1952,1,0.0,0.3036711062264186
1953,4,0.0,0.11116481206350613
1954,3,0.0,0.326957589889692
1955,0,0.0,0.16700380136197338
1956,4,0.0,0.0948864312010731
1957,4,1.0,0.7069485946126765
1958,3,1.0,0.9114281781224516
1959,2,1.0,0.8064215565700179
1960,3,1.0,0.9111080741181408
1961,1,1.0,1.0153923351177463
1962,1,0.0,0.08797818678437547
1963,3,0.0,0.28744959472612375
1964,0,0.0,0.14856702244356398
1965,1,0.0,0.4025072223453491
1966,1,0.0,0.20816009123231366
1967,0,0.0,0.34465371493675656
1968,2,1.0,0.4742831102129114
1969,3,1.0,0.8808173226521847
1970,0,1.0,1.0260673137378749
1971,0,1.0,0.7125656852687619
1972,4,1.0,0.44238393496297823
1973,3,1.0,0.9860191849326887
1974,2,1.0,0.6909179720070779
1975,4,0.0,0.10045606210029169
1976,3,1.0,1.0219978960665426
1977,1,1.0,0.358967438275125
1978,2,0.0,0.7633532844213997
1979,2,0.0,0.9805472262933952
1980,3,1.0,0.8387582378741427
1981,1,1.0,0.9799305651471155
1982,1,1.0,0.3332714983127929
1983,0,0.0,0.8552060642140848
1984,1,1.0,0.9236023926483414
1985,1,0.0,0.9184958519137845
1986,0,0.0,0.19629534308999252
1987,4,1.0,0.5536509803784155
1988,3,1.0,0.8103180020042413
1989,3,1.0,0.809987660690082
1990,1,0.0,0.49569694215785426
1991,2,1.0,0.9167720863457889
1992,0,0.0,0.22874052434666592
1993,3,1.0,0.9736166359940912
1994,1,0.0,0.5079445498741323
1995,0,0.0,0.36325726307589906
1996,3,1.0,0.7371757633588183
1997,1,1.0,0.8741642267013745
1998,1,1.0,0.8702929963851171
1999,2,1.0,1.0296071340784756
2000,2,0.0,0.17600810404692702
2001,4,1.0,0.9396361943006597
2002,3,0.0,0.35401434169930623
2003,1,1.0,0.41423619442387377
2004,3,0.0,-0.0006309005840604426
