comment_id,sentiment,sentiment_confidence,index,respect,respect_confidence,insult,insult_confidence,humiliate,humiliate_confidence,status,status_confidence,dehumanize,dehumanize_confidence,violence,violence_confidence,genocide,genocide_confidence,attack_defend,attack_defend_confidence,hatespeech,hatespeech_confidence
616,,0.0,160,0.0,0.964675627557488,,0.0,4.0,0.5647034657492813,,0.0,4.0,0.7976026435607108,3.0,0.4644438244582244,,0.0,,0.0,0.0,0.5261166625844362
809,0.0,0.6929096998455823,13,0.0,0.997852773718273,4.0,0.9491543366478034,4.0,0.9941899571007312,0.0,0.7056991721181045,4.0,0.9697721926867022,4.0,0.9177035661170416,4.0,0.5067655180072821,4.0,0.8076712126617185,1.0,0.5351322007445168
1253,3.0,0.5829679422638315,8,3.0,0.6829317697783216,2.0,0.5620926039695806,2.0,0.6983545185065303,2.0,0.834099599627035,2.0,0.4644056788381519,0.0,0.8468632407097837,1.0,0.4283266567522952,2.0,0.4260824219109866,1.0,0.9345144270350886
1550,3.0,0.3138015697630608,108,0.0,0.8121207446471784,4.0,0.7320955144565988,4.0,0.5477187018702914,3.0,0.5965011193254441,3.0,0.6372960008136891,3.0,0.4689853021100102,1.0,0.5075953095574707,3.0,0.8055703704338729,1.0,0.8672595478588141
1645,,0.0,143,,0.0,,0.0,,0.0,,0.0,,0.0,,0.0,,0.0,,0.0,,0.0
1787,,0.0,184,0.0,0.9726777124782342,,0.0,,0.0,,0.0,,0.0,4.0,0.7951247981758288,,0.0,,0.0,0.0,0.8383617225086052
2009,,0.0,34,0.0,0.9882030920907942,4.0,0.6208218253085638,4.0,0.6480754296427282,,0.0,,0.0,4.0,0.4208384067229511,3.0,0.5637461760729405,4.0,0.5533352554733095,0.0,0.4175710073876979
2088,0.0,0.5093491917254023,136,0.0,0.9990409282756084,4.0,0.9933907825585624,4.0,0.9927727411259932,3.0,0.4109508368047472,4.0,0.5540499938128998,4.0,0.5954416206934687,3.0,0.5760952884552634,4.0,0.9264285907752556,2.0,0.6472443342044524
2173,,0.0,57,0.0,0.6139912446161941,,0.0,,0.0,,0.0,,0.0,,0.0,,0.0,,0.0,0.0,0.7422509631311449
2317,0.0,0.5430918008124221,186,0.0,0.9990937585215852,,0.0,,0.0,,0.0,4.0,0.7033922649457275,4.0,0.4956242505928216,0.0,0.9763671787628876,4.0,0.7761457465499588,0.0,0.720780030459687
2747,3.0,0.4865603608902804,76,2.0,0.5197290737776401,2.0,0.6139605041325306,2.0,0.6775743414568492,3.0,0.4203503310583699,2.0,0.5644493642083855,0.0,0.8707647605692095,0.0,0.721920257846923,3.0,0.831361347847806,1.0,0.8329434060545227
2952,3.0,0.7888451019525976,82,2.0,0.5613318565758909,2.0,0.7399958177594448,2.0,0.7554578869385988,2.0,0.707315396033776,2.0,0.4945036805253281,0.0,0.8660967642147659,0.0,0.7431638301585546,2.0,0.4578138232681942,1.0,0.91229964303244
4145,0.0,0.8467360356488184,105,0.0,0.999370970837274,4.0,0.7740665662767522,4.0,0.8151789693350188,0.0,0.6916830428813229,4.0,0.7826634577744767,4.0,0.9314264275854798,0.0,0.3492219460706304,4.0,0.8524608802627565,0.0,0.6961985059994277
4458,2.0,0.5223164160258343,54,2.0,0.6227797463828277,2.0,0.6830180106840257,2.0,0.6342292693221666,2.0,0.6310475158007847,2.0,0.6002966837391065,1.0,0.5296301703631555,0.0,0.6535520425249165,3.0,0.6127016876791511,1.0,0.916405975410036
4587,0.0,0.930764278717802,121,0.0,0.9996819316122284,4.0,0.9423351401869164,4.0,0.7584996105285845,0.0,0.2724806092417492,4.0,0.7796120027178718,3.0,0.5091834250519831,0.0,0.6778541974467849,4.0,0.8326222127589742,2.0,0.6510300830192134
4762,2.0,0.5255273183408149,98,1.0,0.4651764234522018,2.0,0.720713013108705,2.0,0.7162140702037714,2.0,0.7271330938445787,1.0,0.5367435062737385,0.0,0.9964956494254662,0.0,0.9916361301881608,3.0,0.6354930338751544,1.0,0.8373880059004654
5212,1.0,0.7008122207497292,101,1.0,0.579187449124141,3.0,0.5416798450124927,3.0,0.4769556501745943,1.0,0.49809257268309,3.0,0.4029014773406053,0.0,0.9574068146589572,0.0,0.9916070587154177,3.0,0.8552235386562577,1.0,0.8034839603393307
6032,,0.0,159,,0.0,,0.0,,0.0,,0.0,,0.0,,0.0,,0.0,,0.0,,0.0
6214,3.0,0.455439791712977,27,1.0,0.7079654112385414,3.0,0.5426221742768972,3.0,0.4527357158259052,3.0,0.3532455145421308,3.0,0.5911249467620778,2.0,0.3569452662226159,0.0,0.7315622768837313,3.0,0.878165375302333,1.0,0.7616053071943725
6616,3.0,0.8965269414178095,73,3.0,0.943849101672852,2.0,0.4969666885140818,2.0,0.7175370486270729,2.0,0.9810672886940958,1.0,0.5326210731902795,0.0,0.9917629809564086,0.0,0.9891044850507884,1.0,0.5901770729088789,1.0,0.8295103029255765
6827,0.0,0.9744427132581068,150,0.0,0.9995101706986232,4.0,0.9917594646223228,4.0,0.9912381977569568,0.0,0.6975044882783502,4.0,0.972690119444802,4.0,0.995976962187596,4.0,0.9761547173058656,4.0,0.977391594734266,0.0,0.671784942548387
6830,1.0,0.3824695028678624,188,0.0,0.95793400607553,4.0,0.7112242254459455,4.0,0.5741245778377085,1.0,0.292084975682296,3.0,0.495829251956059,3.0,0.4939876119211032,2.0,0.3762072845431446,4.0,0.5965050658588427,1.0,0.5800366973805681
7479,,0.0,133,0.0,0.885513646713952,,0.0,4.0,0.6347462281430759,,0.0,3.0,0.4239319588414824,2.0,0.4953530746845667,2.0,0.3534396535374052,3.0,0.7146200848248496,1.0,0.7490462666188303
8041,0.0,0.9140743046431355,65,0.0,0.9983767436740087,4.0,0.9324904904089664,4.0,0.979195813882258,1.0,0.3073272206680634,4.0,0.5024926292345959,3.0,0.4896797455147348,0.0,0.8937586766309614,4.0,0.8321159238736179,1.0,0.790000671258887
8369,0.0,0.955638593648438,15,0.0,0.9978862475581636,4.0,0.9021040672367686,4.0,0.91963682326517,0.0,0.5149045908887532,4.0,0.799682206320256,4.0,0.816112875923004,2.0,0.2474320106576587,4.0,0.909522120808822,2.0,0.5207901077410463
8503,2.0,0.6789411075156496,80,2.0,0.7414953916533523,2.0,0.676045578916852,2.0,0.6993155134721547,2.0,0.4797216856654444,2.0,0.5574392963104753,1.0,0.4365011655892709,1.0,0.5344358462285848,3.0,0.6101836091613084,1.0,0.9689893893227652
8603,,0.0,92,,0.0,,0.0,,0.0,,0.0,,0.0,,0.0,,0.0,,0.0,,0.0
8717,1.0,0.4920548444303735,196,1.0,0.783804050092911,3.0,0.8454694953071779,3.0,0.6860848601395502,2.0,0.393204085897047,3.0,0.6712357976983329,2.0,0.4661670973640043,1.0,0.5576984858985106,3.0,0.977701901158416,1.0,0.9682735663702534
8937,3.0,0.8644368967225379,23,2.0,0.6911348929260265,2.0,0.6529399413953109,2.0,0.7464132711539981,2.0,0.6361352444472895,2.0,0.5321405499567261,0.0,0.9102421749970282,0.0,0.9172242169663034,3.0,0.9017634877332374,1.0,0.9504740074586456
8994,3.0,0.9735523526047994,119,3.0,0.7874363253990713,2.0,0.4504662241267044,1.0,0.4615335308093216,2.0,0.9059126468714988,1.0,0.7154648101750629,0.0,0.998272309765608,0.0,0.9884547246165448,1.0,0.5088159621772546,1.0,0.9175527927840592
9989,0.0,0.9968676050185226,155,0.0,0.999669899274656,4.0,0.9816000762730408,4.0,0.9443299961847604,0.0,0.5265055951152289,2.0,0.3660921591520937,2.0,0.402012878470285,0.0,0.9868911111388202,4.0,0.9688182798287106,1.0,0.6474460940254624
10031,2.0,0.8630132517029458,89,2.0,0.7118977333455394,2.0,0.5014188405645673,2.0,0.4500187516363342,2.0,0.9209749232456762,0.0,0.601800556957525,0.0,0.9968307640237056,0.0,0.9809137934545468,1.0,0.5191764986065897,1.0,0.7705626604776781
10043,,0.0,192,,0.0,,0.0,,0.0,,0.0,,0.0,,0.0,0.0,0.8097924119496411,,0.0,,0.0
10476,2.0,0.8454197453843543,75,3.0,0.6715174585130719,2.0,0.4280131833552127,2.0,0.5950620935478499,2.0,0.9756884163944732,0.0,0.5079049735259875,0.0,0.9998320623294904,0.0,0.9863668306714592,1.0,0.7118326025734223,1.0,0.8108467627737929
11064,0.0,0.9224940112437952,17,0.0,0.9892457389502596,4.0,0.8100815248732675,4.0,0.9138903746714494,,0.0,4.0,0.696630910981594,3.0,0.8167833942018813,3.0,0.6647401010828987,4.0,0.8957582835264091,1.0,0.8156819663545565
11248,3.0,0.8431105023501493,46,3.0,0.7994901403503688,2.0,0.525529542340229,2.0,0.7292640342275425,2.0,0.9357521303513178,1.0,0.5152855420127775,0.0,0.99848904358834,0.0,0.9574606935112552,1.0,0.5638185255854978,1.0,0.86123455693983
11466,0.0,0.4487487247281914,59,0.0,0.9853557007930794,4.0,0.5174301645896036,4.0,0.8271724438710282,3.0,0.2978725018223546,4.0,0.627105605065333,3.0,0.7104865588827336,2.0,0.3544797243208847,3.0,0.6987504652919724,1.0,0.6270676858180868
12121,2.0,0.5804800219042616,11,3.0,0.860283678517818,0.0,0.329247757958009,2.0,0.6076534594755745,2.0,0.990528200460144,1.0,0.5447555809131711,0.0,0.9998591144840056,0.0,0.995865345358523,1.0,0.6875844175995499,1.0,0.79361115342388
12278,,0.0,176,0.0,0.9606942124354771,4.0,0.8185552230967403,4.0,0.9307922677261574,,0.0,4.0,0.8637496663697045,4.0,0.8194779533732764,4.0,0.5870297398962928,4.0,0.8640500217886103,0.0,0.4144481512234274
12852,2.0,0.6389381879597297,147,2.0,0.6913807875218256,2.0,0.7243540503445169,2.0,0.7331965434265524,2.0,0.7678887018683306,2.0,0.5497762224633135,0.0,0.9679728999451372,0.0,0.9707707841901492,2.0,0.4071684578287188,1.0,0.8104104581940605
13076,2.0,0.4747159053925273,1,2.0,0.5060599843995602,2.0,0.470872048579087,2.0,0.5113636976666961,2.0,0.6152953614285184,2.0,0.5698874363778839,0.0,0.4963066561074758,0.0,0.8129272770005325,3.0,0.7674093678103031,1.0,0.833074435573216
13252,0.0,0.9139786986584704,151,0.0,0.9828560990272226,4.0,0.569443241012978,4.0,0.4987451402507478,0.0,0.6763415936856478,3.0,0.6537185952457681,2.0,0.5004774514509391,1.0,0.607555766661688,4.0,0.8074370408659225,1.0,0.730651553588177
13674,0.0,0.530709930807127,69,0.0,0.9794257281593683,4.0,0.6392058580570825,4.0,0.9546452314687144,0.0,0.3340700583508068,3.0,0.6190175719951732,2.0,0.4850641421489724,1.0,0.4590882709845132,4.0,0.5285906966936219,1.0,0.8581898003029992
13734,,0.0,197,0.0,0.9759512022381188,,0.0,,0.0,,0.0,,0.0,,0.0,,0.0,,0.0,0.0,0.6724527861647763
13756,0.0,0.4236943516941444,41,0.0,0.943852600210678,4.0,0.4014903471571414,4.0,0.8193962769071298,,0.0,,0.0,3.0,0.4500822466482422,0.0,0.677645910252405,,0.0,1.0,0.6585263679145162
14213,,0.0,193,0.0,0.9428523184070058,,0.0,,0.0,,0.0,,0.0,,0.0,,0.0,,0.0,0.0,0.8438690777876491
15026,0.0,0.999001190369416,77,0.0,0.9999203745371732,4.0,0.9959153568253484,4.0,0.9984159566575508,0.0,0.906900364303102,4.0,0.8874780911309614,3.0,0.5902783218472539,0.0,0.8329056129079879,4.0,0.9885592111739426,1.0,0.5947763218320548
15118,,0.0,96,0.0,0.989089907558526,,0.0,,0.0,,0.0,,0.0,,0.0,,0.0,,0.0,0.0,0.8341383294540372
15312,0.0,0.928390209521089,47,0.0,0.997786425760152,4.0,0.9693089442646816,4.0,0.982864273190942,0.0,0.4333310018257061,4.0,0.5020324648622321,3.0,0.7471699125292995,0.0,0.6348881208381708,4.0,0.8485081648187308,1.0,0.4837766643537254
15802,3.0,0.2749796503677388,7,0.0,0.9096903825152926,4.0,0.7725408131105441,4.0,0.9287372126346756,3.0,0.4263996913595949,4.0,0.4801452013530331,3.0,0.6554722685598027,3.0,0.5362890866538813,3.0,0.7114239846609985,1.0,0.5101313382428527
16178,0.0,0.9843873045472856,125,0.0,0.999719460068568,4.0,0.9793313951574664,4.0,0.9800837085835938,0.0,0.717082178360026,4.0,0.7762587263112027,3.0,0.6890157691004654,0.0,0.8073619903007009,4.0,0.967161105321468,1.0,0.39247124502
16493,2.0,0.6359504467532581,66,3.0,0.8408502543734676,1.0,0.4461305625775011,2.0,0.6204645448327161,2.0,0.9940272627552168,0.0,0.5855352410656677,0.0,0.9998846187221476,0.0,0.9992145513627416,1.0,0.7318144852278183,1.0,0.8154077194190698
17157,1.0,0.6344953070839967,93,0.0,0.5872575670361536,3.0,0.5260163547171433,4.0,0.7163566038988645,2.0,0.3553745933423857,3.0,0.6427648056638737,0.0,0.5377574383024484,0.0,0.9482538265708464,3.0,0.6852356120947592,1.0,0.8163587724938834
17197,2.0,0.9571230109789256,149,3.0,0.9308018657364914,1.0,0.498524135341116,2.0,0.521317801190522,2.0,0.9664055580954836,1.0,0.6161871598220366,0.0,0.997160295953048,0.0,0.9214005971555994,1.0,0.6210874588557662,1.0,0.9538978199161422
17732,1.0,0.6532622056570027,74,2.0,0.5966261055621398,2.0,0.6400740139386462,2.0,0.7194045036763577,2.0,0.5000089100214543,2.0,0.5162089993892974,1.0,0.629066264325055,1.0,0.6983222389309082,3.0,0.8306165161084254,1.0,0.8206825909384755
17959,,0.0,175,0.0,0.9980652880973,,0.0,,0.0,,0.0,,0.0,,0.0,,0.0,,0.0,0.0,0.8671512584193019
18090,,0.0,84,0.0,0.9899654657751332,4.0,0.7102860044760415,4.0,0.6112867184398235,,0.0,4.0,0.5874049143182679,4.0,0.91344435014879,0.0,0.9261082560354164,,0.0,0.0,0.4200921702112979
18346,2.0,0.4022510577516568,137,0.0,0.4069083273340814,3.0,0.4131415472124671,3.0,0.3598222382606809,2.0,0.3456400284528237,3.0,0.5743989206030674,2.0,0.4209459552441156,1.0,0.4069502155026023,3.0,0.8155910184901064,1.0,0.8473773659641698
18417,2.0,0.4129730224062478,167,1.0,0.7471916012903306,2.0,0.5083432805675522,3.0,0.4795364060691389,1.0,0.4245925571628394,2.0,0.5168654614235425,0.0,0.9358326173877046,0.0,0.9887128963363268,3.0,0.8622371715674705,1.0,0.8023183283886418
18496,2.0,0.7066197939366989,88,3.0,0.6501847348451174,2.0,0.6712612837694663,2.0,0.6857156880834888,2.0,0.8717420452432666,1.0,0.5569432540388398,0.0,0.9950998322304568,0.0,0.9610992678314249,2.0,0.4701233340895989,1.0,0.863090774659257
19040,2.0,0.5814611175920332,181,3.0,0.8300724957845006,2.0,0.621857427159683,2.0,0.6822491881443222,2.0,0.9158756873167924,2.0,0.5016533281561952,0.0,0.9699798665163264,0.0,0.7718170629417718,2.0,0.5225517994979055,1.0,0.9573312089026512
19343,,0.0,43,0.0,0.942177434900816,,0.0,,0.0,,0.0,,0.0,,0.0,,0.0,,0.0,0.0,0.7513628722073667
19431,,0.0,142,0.0,0.989314573103922,,0.0,4.0,0.7053966571569698,,0.0,,0.0,4.0,0.6619753067346155,,0.0,4.0,0.5011366681834463,0.0,0.5442064012072174
19671,0.0,0.8972445957865792,20,0.0,0.999744480617444,4.0,0.7185452119651745,4.0,0.9693815254163256,0.0,0.7688330998030924,4.0,0.7473446429665335,4.0,0.7776068446825773,0.0,0.3842540271715982,4.0,0.8834147592428672,0.0,0.7838015623440836
19687,2.0,0.5239171121343841,180,2.0,0.7137263689102807,2.0,0.6652619241244393,2.0,0.6867017346818913,2.0,0.7056169648738684,2.0,0.575935913717334,1.0,0.6127633363149784,1.0,0.6751195793614073,3.0,0.8851040376881524,1.0,0.9372261520666888
19705,,0.0,191,0.0,0.933832507867083,,0.0,,0.0,,0.0,,0.0,,0.0,,0.0,,0.0,0.0,0.8389980602159419
19815,0.0,0.6374219361878123,24,0.0,0.9967103102915392,,0.0,4.0,0.7599198801676913,,0.0,,0.0,3.0,0.5861945356664555,,0.0,4.0,0.8620131770970069,0.0,0.6435560855212086
20004,,0.0,18,0.0,0.9986518936529796,,0.0,4.0,0.7217538592733088,,0.0,,0.0,4.0,0.9058796825460412,,0.0,,0.0,0.0,0.9079053660546696
20005,,0.0,60,0.0,0.521773063396775,,0.0,,0.0,,0.0,,0.0,,0.0,,0.0,,0.0,0.0,0.644316405563228
20007,0.0,0.9791816405019746,26,0.0,0.9939796784400284,4.0,0.9867462344858032,4.0,0.9938181125231086,0.0,0.5883424093406197,4.0,0.9597944135790574,4.0,0.5935247868439796,3.0,0.5501853672215293,4.0,0.7123761497387149,1.0,0.6316025756800477
20008,,0.0,140,0.0,0.9259136262428947,,0.0,,0.0,,0.0,,0.0,,0.0,,0.0,,0.0,0.0,0.8019358085461711
20009,,0.0,63,,0.0,,0.0,,0.0,,0.0,,0.0,,0.0,,0.0,,0.0,0.0,0.3693000856308475
20010,,0.0,97,0.0,0.916632282029461,,0.0,,0.0,,0.0,,0.0,,0.0,,0.0,,0.0,,0.0
20012,,0.0,21,,0.0,,0.0,,0.0,,0.0,,0.0,,0.0,,0.0,,0.0,,0.0
20013,0.0,0.8980550156129181,110,0.0,0.9997274426708884,4.0,0.8829561622762002,4.0,0.9944973475249432,0.0,0.6588189919553075,4.0,0.9920119731658832,4.0,0.9869697205726286,4.0,0.4171218751079737,4.0,0.9449203652264266,0.0,0.6602363070046742
20014,0.0,0.9650343092220546,48,0.0,0.999637973296762,4.0,0.9794259580240406,4.0,0.9947161019970326,3.0,0.4203160824980994,4.0,0.9014934111163122,3.0,0.6334669198218377,0.0,0.640144254490768,4.0,0.9572634758666088,2.0,0.4926308754533629
20015,0.0,0.6985851600429104,100,0.0,0.9991950320567604,4.0,0.6150274761456065,4.0,0.9675983039068408,,0.0,4.0,0.5948737858016004,3.0,0.6386454486393893,,0.0,3.0,0.6365614371996737,1.0,0.8258076718278132
20016,,0.0,29,0.0,0.7969767884904502,,0.0,,0.0,,0.0,,0.0,,0.0,,0.0,,0.0,2.0,0.6462992855913352
20017,0.0,0.8045432489690147,145,0.0,0.9479604290013034,4.0,0.8577716570729625,4.0,0.9807697467805748,0.0,0.3957492735785493,4.0,0.8076192702408052,3.0,0.786963622067537,3.0,0.8411346376912355,4.0,0.5876709611782955,1.0,0.7819218700659779
20018,,0.0,45,0.0,0.9504551670932776,,0.0,,0.0,,0.0,,0.0,4.0,0.498993813531753,,0.0,,0.0,0.0,0.4572708993253955
20020,0.0,0.9533391990554424,71,0.0,0.9979504714705334,4.0,0.8698243701317926,4.0,0.9896141681464912,,0.0,4.0,0.8717738322762867,3.0,0.529844594884857,3.0,0.7818855880002917,4.0,0.860249439047184,1.0,0.6670086346327289
20021,0.0,0.8492239641336508,14,0.0,0.9972891581043436,4.0,0.7568866266844358,4.0,0.8231213928165342,,0.0,,0.0,4.0,0.5967516159556314,,0.0,4.0,0.78292371684188,2.0,0.3994795975322444
20024,3.0,0.3768495311969138,120,2.0,0.4851659811692776,2.0,0.623265677021182,2.0,0.645290535338613,2.0,0.4870413232920341,3.0,0.4783163976068755,1.0,0.6407082131694416,1.0,0.5629795330644852,3.0,0.9594362247747468,1.0,0.9379926477598453
20025,0.0,0.9468947703175404,164,0.0,0.9992020541263008,,0.0,4.0,0.6675426232346493,0.0,0.4804483710086408,,0.0,4.0,0.8111599306507749,,0.0,4.0,0.8466801426324572,0.0,0.7773743697831588
20026,0.0,0.7988114401804068,117,0.0,0.9989704966154764,4.0,0.6935235131639002,4.0,0.5528221387974888,0.0,0.5286628829236597,4.0,0.7164865889532107,4.0,0.8836100739542452,3.0,0.3428236455822757,4.0,0.8740691681803393,0.0,0.5138113838745605
20028,,0.0,40,0.0,0.9906765294747892,,0.0,,0.0,,0.0,,0.0,4.0,0.8144375189714389,,0.0,,0.0,0.0,0.8623498331291062
20029,0.0,0.972445774098138,33,0.0,0.9999179907332252,4.0,0.9868179716785148,4.0,0.996015750453732,0.0,0.9209755270840888,4.0,0.9955963364823576,4.0,0.9431939961892264,0.0,0.8332659152495642,4.0,0.9686911854579484,0.0,0.8238441826335592
20033,,0.0,51,,0.0,,0.0,,0.0,,0.0,,0.0,,0.0,,0.0,,0.0,,0.0
20034,0.0,0.551041256641474,53,0.0,0.9711059053735792,,0.0,,0.0,,0.0,4.0,0.7402340349086846,4.0,0.9618061753077216,4.0,0.4299799620858315,4.0,0.6886336912411462,0.0,0.9266970306839032
20038,0.0,0.7411893935666652,123,0.0,0.9847471522780724,4.0,0.7791786070066569,4.0,0.6769819275551519,,0.0,,0.0,3.0,0.6709866693140837,3.0,0.4588057993911483,4.0,0.5957840661462401,1.0,0.5278539279516175
20041,1.0,0.5796949068980867,187,1.0,0.7687494718581904,3.0,0.7322226161922147,3.0,0.5462616351456464,3.0,0.516083294794054,3.0,0.5614951552953954,1.0,0.4678469575214014,1.0,0.5152864634159521,3.0,0.9076244222017368,1.0,0.921690447419662
20043,,0.0,16,0.0,0.9967705927775948,,0.0,4.0,0.6078175173270234,,0.0,,0.0,,0.0,,0.0,4.0,0.6922528562918018,0.0,0.9610490544009508
20045,,0.0,132,,0.0,,0.0,,0.0,,0.0,,0.0,,0.0,,0.0,,0.0,,0.0
20048,3.0,0.3784785482631872,19,2.0,0.2954300234445666,3.0,0.4307417603197409,3.0,0.3539341805404686,2.0,0.4448847671798596,3.0,0.5380515714771598,0.0,0.3184461502295861,2.0,0.5370325074687506,3.0,0.8271502576747114,1.0,0.7701034832424898
20050,3.0,0.506014831616209,173,2.0,0.5318277750822814,3.0,0.4486999666695598,2.0,0.5276270688341215,2.0,0.530309168385529,3.0,0.4398394748626894,2.0,0.5686585464402761,3.0,0.4272668049852542,3.0,0.8792564826156962,1.0,0.9019554737649684
20052,3.0,0.5493023872875722,87,3.0,0.7857284370506055,3.0,0.6239041212587044,2.0,0.6745030783922387,2.0,0.7265168363850952,2.0,0.5963459452665427,0.0,0.8901506631718765,0.0,0.4841699073965564,3.0,0.7329840299449158,1.0,0.9280606016293144
20053,3.0,0.5804556645042284,49,2.0,0.5434141153004676,2.0,0.6243487828262556,2.0,0.7416960270212316,2.0,0.7110542739588745,2.0,0.567891654329263,1.0,0.5229357278186862,2.0,0.4505052655429072,2.0,0.4162363474899415,1.0,0.8011367788967781
20054,3.0,0.5077440651176957,165,1.0,0.7565828451525078,3.0,0.5848641728783907,3.0,0.4597834814630658,2.0,0.5423273850553416,2.0,0.4667728859972508,0.0,0.8028971820803019,0.0,0.9458000432879632,3.0,0.7888815188786126,1.0,0.8746543529131241
20055,3.0,0.8235683695374386,68,3.0,0.8416339853388939,2.0,0.6130070333034414,2.0,0.7139324054054487,2.0,0.9538651775984048,1.0,0.6208178289040752,0.0,0.9810547821835428,0.0,0.5265713448852275,1.0,0.6345371172193779,1.0,0.933103400200188
20057,,0.0,67,0.0,0.6809359707119305,,0.0,,0.0,,0.0,,0.0,,0.0,,0.0,,0.0,,0.0
20059,3.0,0.7690066167066716,118,3.0,0.5335532087951145,2.0,0.5190397073231057,2.0,0.4763945122738248,2.0,0.9642926047615586,0.0,0.607401916488688,0.0,0.9974876738142888,0.0,0.9943893614997178,1.0,0.4996077458126603,1.0,0.8922681470258597
20061,3.0,0.8146502191399326,158,3.0,0.6254616932562332,0.0,0.6611237458083773,2.0,0.6593360686590763,2.0,0.9919610629677046,0.0,0.9545420358885122,0.0,0.99972911068192,0.0,0.99602793192839,1.0,0.8647314864496646,2.0,0.5839085184833448
20062,3.0,0.8315263261448178,36,3.0,0.8617562897458773,2.0,0.5140532907316189,2.0,0.6798706467235094,2.0,0.885565432718296,0.0,0.552174047884778,0.0,0.9995501873220344,0.0,0.9759666450026098,1.0,0.7133374550161394,1.0,0.6636218910066305
20064,3.0,0.7265492716387967,39,3.0,0.8258088162394769,0.0,0.7777825503382937,0.0,0.5721053978512832,2.0,0.9993154923232506,0.0,0.9519931965708064,0.0,0.9998800898331568,0.0,0.9993420402932056,1.0,0.8106345120914136,1.0,0.6001380183242769
20065,3.0,0.9078191981707732,10,3.0,0.941208156256961,2.0,0.3086574596217736,2.0,0.5562299221499808,2.0,0.9450476783154086,0.0,0.5494666733150027,0.0,0.9996461928843752,0.0,0.9969447308626548,1.0,0.764577236638997,1.0,0.7509333528388888
20067,2.0,0.5014145069839723,42,3.0,0.8316158290439828,0.0,0.6917310127665858,2.0,0.4219359275889919,2.0,0.9827041140730371,0.0,0.90200202504317,0.0,0.9995831797320076,0.0,0.996121605646468,1.0,0.7661691160470103,1.0,0.535036360751794
20068,,0.0,114,,0.0,,0.0,,0.0,,0.0,,0.0,,0.0,,0.0,,0.0,,0.0
20069,3.0,0.6793649806596684,134,3.0,0.4655739996949941,2.0,0.5033631564043596,2.0,0.5728616244939947,2.0,0.9960383389885388,0.0,0.6388360556836072,0.0,0.9971540141633894,0.0,0.972295299347887,1.0,0.7026485236828797,1.0,0.725208098942163
20070,0.0,0.9124847213364548,9,0.0,0.9998189538509094,4.0,0.982802782812858,4.0,0.9915986197531436,0.0,0.6093649659495879,4.0,0.8607188474284463,4.0,0.4843453716785054,0.0,0.3352549350035846,4.0,0.9547529090067364,2.0,0.679833751124921
20088,,0.0,135,,0.0,,0.0,,0.0,,0.0,,0.0,,0.0,,0.0,,0.0,,0.0
20384,,0.0,6,0.0,0.9868121670019728,,0.0,,0.0,,0.0,,0.0,,0.0,0.0,0.5193582104357325,,0.0,,0.0
20685,,0.0,157,0.0,0.599925790664804,,0.0,,0.0,,0.0,,0.0,,0.0,,0.0,,0.0,,0.0
20851,0.0,0.9960274588406204,163,0.0,0.8846702695101443,4.0,0.9531925241698248,4.0,0.9726627130872978,0.0,0.5124576836365561,4.0,0.8756866698135632,3.0,0.7590157463207872,3.0,0.7250986379384966,4.0,0.5489280890952611,1.0,0.6239115402257268
20925,3.0,0.8225997240056144,154,3.0,0.5107720948343344,2.0,0.7298747477051799,2.0,0.794715616416553,2.0,0.5300676682568571,2.0,0.5853313522489657,0.0,0.824699961196282,0.0,0.8144250310565493,3.0,0.9199550086836626,1.0,0.9485817259064788
20998,1.0,0.6532689613415416,172,1.0,0.4916044144110034,3.0,0.672868738302212,4.0,0.5618351228629114,3.0,0.58960838950541,3.0,0.8285088287041192,3.0,0.4791003482699088,3.0,0.4547274867675886,3.0,0.9324404343265482,1.0,0.8436766701761211
21006,,0.0,106,0.0,0.8166250889034805,,0.0,,0.0,,0.0,,0.0,,0.0,,0.0,,0.0,0.0,0.6672434001603386
21275,,0.0,128,,0.0,,0.0,,0.0,,0.0,,0.0,,0.0,,0.0,,0.0,,0.0
21293,,0.0,2,,0.0,,0.0,,0.0,,0.0,,0.0,,0.0,,0.0,,0.0,,0.0
21406,,0.0,115,0.0,0.984437787532312,,0.0,,0.0,,0.0,,0.0,4.0,0.7021786700255882,,0.0,,0.0,0.0,0.8993747866880442
22394,3.0,0.8213050813946444,111,3.0,0.9249426136450156,2.0,0.56124219633502,2.0,0.6622990302902125,2.0,0.9675252020886398,1.0,0.5693678280782033,0.0,0.9974626473319222,0.0,0.9419218306540628,1.0,0.570208455839784,1.0,0.8102846595983396
22489,0.0,0.5351682767490097,141,0.0,0.992595241405754,,0.0,4.0,0.8721390960924452,,0.0,,0.0,,0.0,,0.0,,0.0,1.0,0.4993405215177094
22918,0.0,0.5884097436388506,70,0.0,0.8872324412265048,4.0,0.8773181329292272,4.0,0.8580587458470983,3.0,0.4516209576494965,3.0,0.5793858134811544,3.0,0.714374206770317,3.0,0.3946006977802122,3.0,0.6266565709018144,1.0,0.7292973528455717
23012,3.0,0.8677835857594697,156,3.0,0.9060270323935218,2.0,0.5469420359499039,2.0,0.5578491563638605,2.0,0.9659872294462348,1.0,0.6719097835320312,0.0,0.9967315091634708,0.0,0.9093376569561032,1.0,0.554368634456072,1.0,0.9362047507346668
23093,,0.0,162,0.0,0.7130041050041341,,0.0,,0.0,,0.0,,0.0,,0.0,0.0,0.5276674509262013,,0.0,0.0,0.5079100594987003
23301,,0.0,85,,0.0,,0.0,,0.0,,0.0,,0.0,,0.0,,0.0,,0.0,,0.0
23410,3.0,0.6708634993403572,44,3.0,0.8325601426625386,3.0,0.5240633727708016,2.0,0.5096211950642664,2.0,0.7306653591403414,2.0,0.6082414508689239,0.0,0.7780024874922824,0.0,0.4757845172180933,3.0,0.8006837813509959,1.0,0.8902764837450007
23517,0.0,0.9468196349179068,104,0.0,0.9997665235319328,4.0,0.9427392610751332,4.0,0.9839375734963866,0.0,0.6909000398040731,4.0,0.83501446910238,4.0,0.972872419362791,0.0,0.546550190545738,4.0,0.9387316116685372,0.0,0.4669241221497477
23725,0.0,0.6056328381103382,178,0.0,0.9932354068558358,4.0,0.7307437552342866,4.0,0.872041086633335,0.0,0.6841185628131176,4.0,0.6145450197401446,4.0,0.5185914356875341,0.0,0.4972864075466292,,0.0,0.0,0.8605915103712177
24631,0.0,0.8256889077480146,72,0.0,0.9948595531151242,,0.0,,0.0,,0.0,4.0,0.6134331786739246,4.0,0.934984184458601,4.0,0.7724538812268564,,0.0,0.0,0.8910437968800777
24983,1.0,0.4933450331029673,153,0.0,0.9804023732990864,4.0,0.7470730110947216,4.0,0.8791872546765744,1.0,0.2657909059386171,4.0,0.375505674109003,3.0,0.6514568580026369,2.0,0.3386628930929441,4.0,0.5270889675704601,1.0,0.6684971182842082
25804,,0.0,102,0.0,0.90799942345136,,0.0,,0.0,,0.0,,0.0,,0.0,,0.0,,0.0,0.0,0.5226095483263433
25862,4.0,0.8962614113724453,103,4.0,0.8506295138982713,4.0,0.7631969353628635,4.0,0.887598951033498,4.0,0.4328898942196728,4.0,0.5600009057508883,3.0,0.6814385819265082,0.0,0.4822190414333024,3.0,0.7140231356317684,1.0,0.6083895484225366
25918,0.0,0.5337616178260033,83,0.0,0.9912249624644068,,0.0,4.0,0.888460808411329,,0.0,,0.0,4.0,0.6234884096632699,0.0,0.6885332595746924,,0.0,0.0,0.9214625487221694
25932,0.0,0.6953365111547687,31,0.0,0.997678318369634,4.0,0.7241756953476544,4.0,0.9558362278527076,,0.0,4.0,0.8075901112586851,4.0,0.7862810038348357,,0.0,4.0,0.6468977196541026,0.0,0.6156466930122348
26170,,0.0,138,,0.0,,0.0,,0.0,,0.0,,0.0,,0.0,,0.0,3.0,0.7049390206122473,1.0,0.6357701743202865
26493,2.0,0.336801961130259,122,2.0,0.5438214426412918,2.0,0.6088074761159223,2.0,0.7553031388079396,2.0,0.8457487488673839,1.0,0.4364182296890662,0.0,0.3732808621851031,2.0,0.5095306832478428,1.0,0.3107398655761645,1.0,0.8286094032355314
26548,,0.0,52,0.0,0.5696161311199459,,0.0,4.0,0.6204131042120304,,0.0,3.0,0.4033700141360609,3.0,0.488849345251341,3.0,0.6448300173878405,3.0,0.5249497106128415,1.0,0.7125697766465214
26842,2.0,0.7121397877460826,127,2.0,0.757158825572867,2.0,0.6941945960820781,2.0,0.7115826787766524,2.0,0.7031298606110682,2.0,0.5930530474482567,0.0,0.6313664448446953,0.0,0.6832323879767158,2.0,0.4085509851892001,1.0,0.8631421046550927
26953,1.0,0.6471310768500392,185,0.0,0.8603497513445995,4.0,0.7457940980441988,4.0,0.9642163510715596,3.0,0.3901836353993356,3.0,0.6337770231133416,2.0,0.4557697933769571,0.0,0.9122841728228532,4.0,0.6235936078571246,1.0,0.7198138653888115
27786,0.0,0.9411034016438652,129,0.0,0.990999780019992,4.0,0.9573811389179758,4.0,0.9937338174670136,3.0,0.3589705549272325,4.0,0.9643893889612384,3.0,0.6899718708997779,3.0,0.7811339820850334,4.0,0.9026901108293188,1.0,0.5592289227519501
27791,,0.0,183,,0.0,,0.0,,0.0,,0.0,,0.0,,0.0,,0.0,,0.0,,0.0
28203,,0.0,146,,0.0,,0.0,,0.0,,0.0,,0.0,,0.0,,0.0,,0.0,,0.0
28486,1.0,0.5573414211926571,170,1.0,0.7404144030478387,3.0,0.6198996530121988,3.0,0.5909819853223786,2.0,0.3064492801074808,3.0,0.7535268899402133,2.0,0.5128153970816515,1.0,0.5056052323883481,3.0,0.9125841826124252,1.0,0.9261811509710448
28525,2.0,0.5851559941965164,144,1.0,0.802796988992059,2.0,0.6971109926675327,2.0,0.536495686339949,2.0,0.517671059900128,1.0,0.5790539324058752,0.0,0.9988648678832668,0.0,0.9925223105434148,3.0,0.457381242777291,1.0,0.8546852051397598
28547,,0.0,91,,0.0,,0.0,,0.0,,0.0,,0.0,,0.0,,0.0,,0.0,,0.0
28621,2.0,0.4708130010785398,30,2.0,0.5971612643279031,2.0,0.666024148309485,2.0,0.7068016610324719,2.0,0.6047605322577201,2.0,0.5426487283670064,0.0,0.5545834552133623,1.0,0.5002847518839837,3.0,0.9065484166082604,1.0,0.8724980383116853
28698,1.0,0.4920666640602782,199,0.0,0.591635281776126,3.0,0.4625070459128381,4.0,0.5662120855633663,2.0,0.3415310707912466,3.0,0.6306379076251131,2.0,0.4782243480660505,1.0,0.4670035303062033,3.0,0.8977916550994229,1.0,0.867319099890612
28929,1.0,0.4817306377823631,152,0.0,0.4029415600345477,2.0,0.35636325796685,2.0,0.3772452718897837,1.0,0.3634453971892409,2.0,0.5153438700825682,2.0,0.5112175076787796,0.0,0.8030087909647292,3.0,0.7672996197385925,1.0,0.7792528026948783
29154,3.0,0.6854021297317459,4,3.0,0.750907862955099,2.0,0.6580375772059509,2.0,0.6664682603809036,2.0,0.8884726707220759,1.0,0.4349157875197543,0.0,0.9978428030636126,0.0,0.9911011757547676,2.0,0.4353515120586537,1.0,0.7768274602914068
29710,,0.0,37,0.0,0.820858623590512,,0.0,,0.0,,0.0,,0.0,,0.0,,0.0,,0.0,,0.0
29939,0.0,0.7246965943488264,109,0.0,0.9944655160042548,,0.0,,0.0,,0.0,,0.0,4.0,0.4593461924334974,,0.0,4.0,0.7168745491946109,2.0,0.6394387845238849
30007,,0.0,171,0.0,0.8385988149063096,,0.0,,0.0,,0.0,,0.0,0.0,0.6410895310443888,0.0,0.981279598424323,3.0,0.4129377996855742,1.0,0.5834440396573805
30061,,0.0,81,,0.0,,0.0,,0.0,,0.0,,0.0,,0.0,,0.0,,0.0,,0.0
30261,2.0,0.3420944830041068,79,0.0,0.6426370869203178,3.0,0.4137635538915083,4.0,0.4996491104756828,1.0,0.3548066927977418,3.0,0.520589400984945,2.0,0.4988389096843722,0.0,0.6611809264537912,3.0,0.7366402098254993,1.0,0.8263927590913894
30665,2.0,0.7194531739522689,116,2.0,0.7216905367843561,2.0,0.6516184684850725,2.0,0.7305245721637271,2.0,0.7208909664608298,2.0,0.5461339833588226,1.0,0.4772909431955828,1.0,0.4964206197546573,3.0,0.6106904141429512,1.0,0.9015417521375028
31411,,0.0,148,0.0,0.5398788621988879,,0.0,,0.0,,0.0,,0.0,,0.0,,0.0,,0.0,0.0,0.495720742547666
31779,2.0,0.961503670177171,78,3.0,0.7708803257595381,2.0,0.5366958077158817,2.0,0.6557952354354639,2.0,0.9871046738299034,1.0,0.628631806732038,0.0,0.9968657096808952,0.0,0.9886308619573828,1.0,0.6277569441082638,1.0,0.8229557766468026
32127,2.0,0.9310488821073268,174,3.0,0.836365430367837,2.0,0.4590618930455905,2.0,0.575449547667121,2.0,0.966792150163988,1.0,0.7506618036345943,0.0,0.9990916166203646,0.0,0.9954746447280066,2.0,0.6737136822980944,1.0,0.948717438385502
32962,0.0,0.7786313215650504,130,0.0,0.9988614185814004,4.0,0.7833525187572217,4.0,0.8754179981657707,,0.0,4.0,0.8343010118799448,4.0,0.7685946352514372,4.0,0.7934569727389563,4.0,0.8344752280057633,2.0,0.59270807365351
34734,,0.0,112,0.0,0.8853020674651564,,0.0,,0.0,,0.0,,0.0,,0.0,,0.0,,0.0,0.0,0.6800483855355391
34899,3.0,0.445738564136467,38,2.0,0.5186034909063902,3.0,0.5885451018749492,2.0,0.5331776610509333,2.0,0.5764386329272345,2.0,0.5350805630215718,1.0,0.6444301689952516,0.0,0.4977832835267753,3.0,0.9415676635257542,1.0,0.8830770972071099
36180,3.0,0.8051322020059719,139,2.0,0.736011332463881,2.0,0.5134939563160155,2.0,0.5902013105626737,2.0,0.8509033712613452,1.0,0.650375587695263,0.0,0.7804230323520137,0.0,0.8311648686560005,1.0,0.5344270862142172,1.0,0.8432465238832094
36873,4.0,0.6980178312314596,99,3.0,0.7552944050608297,3.0,0.415756781114977,2.0,0.8156123355748575,2.0,0.4590604702123002,2.0,0.5263445977752169,0.0,0.8204881097752073,0.0,0.4417323810356238,3.0,0.7038552951685834,1.0,0.8864182026603711
37970,2.0,0.6704214734198517,28,2.0,0.7637396657123393,2.0,0.6631896171748386,2.0,0.651230752176572,2.0,0.6857242916597833,1.0,0.5276434854800449,0.0,0.9942282521511144,0.0,0.9445939180262382,3.0,0.4552049008455263,1.0,0.8993456652031265
38133,0.0,0.3104041774328124,179,0.0,0.757235776444639,,0.0,4.0,0.5010377184014333,,0.0,,0.0,0.0,0.7179268614192196,0.0,0.7951056515813738,3.0,0.5104608957949357,1.0,0.5278443005003794
38267,3.0,0.6803886525859351,12,1.0,0.4931924119578246,3.0,0.5436858381870306,3.0,0.5375927119339918,3.0,0.4945002909445801,3.0,0.6830226721146879,2.0,0.4793357696391317,2.0,0.4318036944713707,3.0,0.9135804468787756,1.0,0.8738480116324563
38354,0.0,0.8015869271361943,182,0.0,0.9995537604566426,4.0,0.8777925648140663,4.0,0.935979748625247,0.0,0.6106163264675151,4.0,0.9126581549992174,3.0,0.6012299548635931,0.0,0.857865864065634,4.0,0.728934190338792,0.0,0.5452300436913653
38423,,0.0,35,0.0,0.8636595878268821,,0.0,,0.0,,0.0,,0.0,,0.0,,0.0,,0.0,0.0,0.7686121813750236
38528,1.0,0.9628521863685008,90,1.0,0.8855963843675562,2.0,0.6564590388348036,2.0,0.5656015604021889,2.0,0.5516995929851006,1.0,0.6221466059866041,0.0,0.9925428606306724,0.0,0.9992208595105356,3.0,0.6653024702464186,1.0,0.799057898612406
38703,,0.0,190,0.0,0.9401899595974382,,0.0,,0.0,,0.0,,0.0,,0.0,,0.0,,0.0,0.0,0.6250902855274971
38787,3.0,0.7802240005585572,32,3.0,0.7035893421458448,2.0,0.6508898201641664,2.0,0.7530551518489605,2.0,0.9451284930938634,2.0,0.4005036071133454,0.0,0.9713899632959022,0.0,0.9728144279399332,3.0,0.5910769955155016,1.0,0.8352382807848943
39073,3.0,0.6759742597208611,0,3.0,0.673906942920241,2.0,0.6723394056998121,2.0,0.7903499862330777,2.0,0.6305159996552353,2.0,0.4973941330795932,0.0,0.6791842020947028,2.0,0.5281437460697098,3.0,0.6029594868031423,1.0,0.7472660025326202
39129,2.0,0.5720232565137804,166,2.0,0.7231986635225885,2.0,0.6248064604848754,2.0,0.7295494543601311,2.0,0.7841137372007171,2.0,0.5784726928107876,2.0,0.5284438339796207,2.0,0.6621187280194846,3.0,0.521912565982302,1.0,0.8344782869352415
39511,,0.0,195,0.0,0.9938257660515754,,0.0,,0.0,,0.0,,0.0,4.0,0.8982718646578983,0.0,0.9490094864207224,,0.0,0.0,0.9646585468680228
39561,0.0,0.9085761167522052,107,0.0,0.9998860489022632,4.0,0.7403006612008423,4.0,0.8898499133134887,0.0,0.6348267814641343,4.0,0.7593990105497929,4.0,0.9891587198143464,0.0,0.7705064682560911,4.0,0.6736543537339288,0.0,0.9844894302046764
39711,2.0,0.5651711147703768,86,3.0,0.6443803518132872,0.0,0.9135620281213922,0.0,0.4216972021546555,2.0,0.9822095724234156,0.0,0.9916598089363682,0.0,0.999904760853382,0.0,0.9997923805248958,1.0,0.7067174719159982,1.0,0.6012270163107475
40455,2.0,0.6861697405636958,113,2.0,0.7247652781034932,2.0,0.6727373835876322,2.0,0.6119936117337363,2.0,0.7599145806998916,1.0,0.662373861461953,0.0,0.9848084240365172,0.0,0.9290807666674236,3.0,0.5890929207314552,1.0,0.8819674754488619
41212,0.0,0.4610255992297838,25,0.0,0.9711977600778944,4.0,0.7779961344772408,4.0,0.9461220927315668,3.0,0.3723852925153375,3.0,0.5100090895741637,3.0,0.7215820583133755,3.0,0.6891294356600879,3.0,0.4979053023243078,1.0,0.7143033145534244
41924,3.0,0.4470794492134853,95,3.0,0.3915535552207171,3.0,0.4376156143626816,4.0,0.4651993539779749,2.0,0.6653345520098888,2.0,0.4576489253258698,0.0,0.6522097765113252,0.0,0.9662740862805544,3.0,0.5869491291647487,1.0,0.712886989153487
42092,,0.0,22,0.0,0.9172193991126242,,0.0,,0.0,,0.0,,0.0,,0.0,0.0,0.4273824412014778,,0.0,2.0,0.530654007004265
42470,0.0,0.9961444352409304,61,0.0,0.999734591384009,4.0,0.9912105558873286,4.0,0.991836153460565,0.0,0.9799579929704528,4.0,0.9270847817702864,2.0,0.4248497864728111,0.0,0.9891093829521744,4.0,0.9603938387527868,0.0,0.5494376569026149
42646,0.0,0.9176229495872612,62,0.0,0.9931640272802054,4.0,0.880544809328048,4.0,0.9890515400731004,0.0,0.5804446624910227,4.0,0.8831304514741704,4.0,0.8972139857249787,3.0,0.6496608365250587,4.0,0.610955572783785,1.0,0.5954138318213713
42704,,0.0,55,0.0,0.9932658660030884,4.0,0.5225813272277706,4.0,0.8986464967431573,0.0,0.3669229888968018,4.0,0.8444977415082987,4.0,0.3948764018146888,,0.0,4.0,0.7567758800192166,1.0,0.4931257156767434
42897,1.0,0.2925995693886247,50,1.0,0.5850440813490281,3.0,0.609693759510984,3.0,0.4494038745194384,3.0,0.3094913985045197,3.0,0.6296758576533833,0.0,0.531536632363278,0.0,0.8674956993225422,3.0,0.9208192353504334,1.0,0.8846945258529672
43442,0.0,0.9013686445565818,124,0.0,0.9972529974066472,4.0,0.984872709965344,4.0,0.995256737936943,0.0,0.6110506253887821,4.0,0.971707949729236,4.0,0.6043293892034398,3.0,0.453619531540445,4.0,0.8201615878261566,1.0,0.4804064197019551
43507,1.0,0.6044159174516791,3,0.0,0.5712791689714077,4.0,0.5121444197240319,4.0,0.5681852346969912,1.0,0.4097173565947102,3.0,0.4605309906179318,0.0,0.4857721078803274,0.0,0.9669378054859298,3.0,0.6188825646276812,1.0,0.7712049711111914
43793,0.0,0.9885531522796288,56,0.0,0.9927405482907732,4.0,0.9088286037925432,4.0,0.8837212286235526,0.0,0.7581956787264178,4.0,0.5904912193758721,3.0,0.6141817967555382,3.0,0.5108850864589377,4.0,0.9134965717066216,2.0,0.3148552120058808
43935,0.0,0.9772066878742348,5,0.0,0.9967901358556048,4.0,0.7365861840241739,4.0,0.9469847776834652,3.0,0.4223371747968145,4.0,0.6627419619940296,3.0,0.8894846609987156,3.0,0.6043287048078945,4.0,0.9611362681262484,1.0,0.7497965940524457
45259,0.0,0.5291453121206864,94,0.0,0.9881043817980892,4.0,0.9321550791471972,4.0,0.9838458296500804,0.0,0.598741892431387,4.0,0.622398282403748,3.0,0.6397320972103155,2.0,0.4239770146391276,3.0,0.5421691114983367,1.0,0.7946836905257277
46051,2.0,0.8508761108841892,161,3.0,0.7465217449187389,2.0,0.7331077246552726,2.0,0.6457115079945196,2.0,0.9408105096394992,1.0,0.5992291219434746,0.0,0.9948568392973408,0.0,0.935413218124134,2.0,0.5211211153785706,1.0,0.9178339924171076
46750,3.0,0.339203174814335,194,3.0,0.6222091678618494,3.0,0.7243537049456723,2.0,0.4703643810598824,3.0,0.5500121131060075,3.0,0.8683321620728397,0.0,0.3629043111725925,2.0,0.73970044677989,3.0,0.921603664729628,1.0,0.7843801122093876
47047,2.0,0.8806389191738709,169,2.0,0.8192364885849286,1.0,0.4529295646726152,1.0,0.5481129531921181,2.0,0.8902107457490354,0.0,0.5396120331462118,0.0,0.9998924847781112,0.0,0.9994593206814332,1.0,0.6500839821738315,1.0,0.7895737835171784
47205,0.0,0.9929463072373024,126,0.0,0.9995961628599268,4.0,0.9917837356172235,4.0,0.9952296977027428,0.0,0.7838649848850076,4.0,0.9228854632450548,4.0,0.8546326206309505,3.0,0.6506665095828152,4.0,0.8308764026567365,0.0,0.5799932063264451
47401,3.0,0.940723142729991,168,3.0,0.9474608460004122,2.0,0.5746509933033468,2.0,0.6556996711582637,2.0,0.7714371873943863,1.0,0.4823544088371525,0.0,0.9943168738788456,0.0,0.9909001609875252,2.0,0.4682261635004509,1.0,0.9359305581960168
48425,0.0,0.9628337319247456,64,0.0,0.9981036452750414,4.0,0.813470909352266,4.0,0.9689467408669398,0.0,0.4917856508001162,3.0,0.6444770129504016,2.0,0.4436232532862685,0.0,0.9079580489024665,4.0,0.5804677046821834,1.0,0.66336384515983
48434,1.0,0.4593825260245043,177,1.0,0.8893973323453448,2.0,0.501710322448812,2.0,0.6740992143145168,2.0,0.4510138109198437,2.0,0.5331012041779533,1.0,0.5796212801774396,0.0,0.740437440381989,3.0,0.943343339047608,1.0,0.9174635697212736
48629,1.0,0.5781949913529121,189,1.0,0.8513123436819153,3.0,0.7635106084317095,3.0,0.6377166804092073,3.0,0.6816050503315529,3.0,0.8633862307852237,2.0,0.5509780343782306,0.0,0.6229299914319614,3.0,0.9032387742658046,1.0,0.947634340086335
48979,0.0,0.9663935300984192,198,0.0,0.998698737927506,4.0,0.9676868185294178,4.0,0.9867157083121249,0.0,0.5963865745720738,4.0,0.5519349600669188,2.0,0.4902956903538807,0.0,0.4645834508573285,4.0,0.7111376445103542,1.0,0.7348032105111879
49016,0.0,0.9749883856306716,131,0.0,0.9992991833055463,4.0,0.8495523212983922,4.0,0.982209457164425,3.0,0.3851923291640811,4.0,0.6737807067714486,0.0,0.4028104235115604,0.0,0.8735542733121238,4.0,0.8775495042837489,1.0,0.8081752612623317
49597,0.0,0.5851844553490295,58,0.0,0.99241968433264,4.0,0.6446985835492367,4.0,0.9850324207235898,0.0,0.8055049996621316,4.0,0.4424955624571591,3.0,0.5104605306849819,0.0,0.3756745609969752,4.0,0.7463046129765761,0.0,0.4544057692719205
